[2026-04-26 13:47:47,833] | level=INFO | request_id=- | module=app.core.database | function=get_database_status | line=67 | message="Postgres connected successfully: db=fmcg_db, user=admin, host=172.18.0.2/32, port=5432"
[2026-07-11 19:11:37,289] | level=INFO | request_id=- | module=app.core.database | function=get_database_status | line=67 | message="Postgres connected successfully: db=fmcg_db, user=admin, host=172.18.0.3/32, port=5432"
[2026-07-11 19:12:17,352] | level=INFO | request_id=30b87b69-a056-49cc-9d5e-2c8dc64a673f | module=app.core.database | function=get_database_status | line=67 | message="Postgres connected successfully: db=fmcg_db, user=admin, host=172.18.0.3/32, port=5432"
[2026-07-11 19:25:02,801] | level=ERROR | request_id=de2de5c0-647d-4028-ad9f-bcff05e75f65 | module=app.core.database | function=get_db | line=34 | message="Unhandled DB session error"
Traceback (most recent call last):
  File "/app/app/core/database.py", line 32, in get_db
    yield db
fastapi.exceptions.HTTPException: 400: Invalid product_code_id
[2026-07-11 19:25:28,324] | level=ERROR | request_id=2b352d6d-1795-4f11-a839-28fce5cc02e6 | module=app.core.database | function=get_db | line=34 | message="Unhandled DB session error"
Traceback (most recent call last):
  File "/app/app/core/database.py", line 32, in get_db
    yield db
fastapi.exceptions.HTTPException: 400: Invalid product_code_id
[2026-07-11 19:25:56,503] | level=ERROR | request_id=7db08679-522e-44ef-a37e-4c899743801a | module=app.core.database | function=get_db | line=34 | message="Unhandled DB session error"
Traceback (most recent call last):
  File "/app/app/core/database.py", line 32, in get_db
    yield db
fastapi.exceptions.HTTPException: 400: Invalid product_code_id
[2026-07-11 19:26:13,968] | level=ERROR | request_id=c2000149-ce87-4407-bf79-4fadd72302eb | module=app.core.database | function=get_db | line=34 | message="Unhandled DB session error"
Traceback (most recent call last):
  File "/app/app/core/database.py", line 32, in get_db
    yield db
fastapi.exceptions.HTTPException: 400: Invalid product_code_id
[2026-07-11 19:26:29,984] | level=ERROR | request_id=dcee2a83-b3cb-4bbd-b821-c07acf59c18c | module=app.core.database | function=get_db | line=34 | message="Unhandled DB session error"
Traceback (most recent call last):
  File "/app/app/core/database.py", line 32, in get_db
    yield db
fastapi.exceptions.HTTPException: 400: Invalid product_code_id
[2026-07-11 19:28:21,566] | level=INFO | request_id=- | module=app.core.database | function=get_database_status | line=70 | message="Postgres connected successfully: db=fmcg_db, user=admin, host=172.18.0.3/32, port=5432"
[2026-07-11 19:34:57,603] | level=INFO | request_id=4b87e632-b812-40fe-947a-c47defc3098c | module=app.api.v1.endpoints.product_codes | function=create_product_code | line=44 | message="Created product_code=BEV001"
[2026-07-11 19:38:53,010] | level=INFO | request_id=- | module=app.core.database | function=get_database_status | line=70 | message="Postgres connected successfully: db=fmcg_db, user=admin, host=172.18.0.2/32, port=5432"
[2026-07-12 01:28:18,345] | level=INFO | request_id=- | module=app.core.database | function=get_database_status | line=70 | message="Postgres connected successfully: db=fmcg_db, user=admin, host=172.18.0.2/32, port=5432"
[2026-07-12 01:28:18,346] | level=INFO | request_id=- | module=app.workers.worker | function=run_worker | line=127 | message="Starting audit worker for queue=audit.jobs"
[2026-07-12 01:28:18,347] | level=INFO | request_id=- | module=app.services.rabbitmq_service | function=_ensure_connection | line=60 | message="Opening RabbitMQ connection to localhost:5672"
[2026-07-12 01:28:18,350] | level=INFO | request_id=- | module=pika.adapters.utils.connection_workflow | function=start | line=179 | message="Pika version 1.3.2 connecting to ('::1', 5672, 0, 0)"
[2026-07-12 01:28:18,351] | level=INFO | request_id=- | module=pika.adapters.utils.io_services_utils | function=_on_writable | line=345 | message="Socket connected: <socket.socket fd=1924, family=AddressFamily.AF_INET6, type=SocketKind.SOCK_STREAM, proto=6, laddr=('::1', 51034, 0, 0), raddr=('::1', 5672, 0, 0)>"
[2026-07-12 01:28:18,351] | level=INFO | request_id=- | module=pika.adapters.utils.connection_workflow | function=_on_transport_establishment_done | line=428 | message="Streaming transport linked up: (<pika.adapters.utils.io_services_utils._AsyncPlaintextTransport object at 0x000001BE31D26230>, _StreamingProtocolShim: <SelectConnection PROTOCOL transport=<pika.adapters.utils.io_services_utils._AsyncPlaintextTransport object at 0x000001BE31D26230> params=<ConnectionParameters host=localhost port=5672 virtual_host=/ ssl=False>>)."
[2026-07-12 01:28:18,397] | level=INFO | request_id=- | module=pika.adapters.utils.connection_workflow | function=_report_completion_and_cleanup | line=293 | message="AMQPConnector - reporting success: <SelectConnection OPEN transport=<pika.adapters.utils.io_services_utils._AsyncPlaintextTransport object at 0x000001BE31D26230> params=<ConnectionParameters host=localhost port=5672 virtual_host=/ ssl=False>>"
[2026-07-12 01:28:18,398] | level=INFO | request_id=- | module=pika.adapters.utils.connection_workflow | function=_report_completion_and_cleanup | line=725 | message="AMQPConnectionWorkflow - reporting success: <SelectConnection OPEN transport=<pika.adapters.utils.io_services_utils._AsyncPlaintextTransport object at 0x000001BE31D26230> params=<ConnectionParameters host=localhost port=5672 virtual_host=/ ssl=False>>"
[2026-07-12 01:28:18,398] | level=INFO | request_id=- | module=pika.adapters.blocking_connection | function=_create_connection | line=453 | message="Connection workflow succeeded: <SelectConnection OPEN transport=<pika.adapters.utils.io_services_utils._AsyncPlaintextTransport object at 0x000001BE31D26230> params=<ConnectionParameters host=localhost port=5672 virtual_host=/ ssl=False>>"
[2026-07-12 01:28:18,399] | level=INFO | request_id=- | module=pika.adapters.blocking_connection | function=__init__ | line=1264 | message="Created channel=1"
[2026-07-12 01:28:18,412] | level=INFO | request_id=- | module=app.services.rabbitmq_service | function=get_channel | line=85 | message="RabbitMQ channel ready for queue=audit.jobs"
[2026-07-12 01:28:18,414] | level=INFO | request_id=- | module=app.services.rabbitmq_service | function=consume | line=117 | message="Waiting for RabbitMQ messages on queue=audit.jobs"
[2026-07-12 01:29:39,653] | level=INFO | request_id=- | module=app.core.database | function=get_database_status | line=70 | message="Postgres connected successfully: db=fmcg_db, user=admin, host=172.18.0.2/32, port=5432"
[2026-07-12 01:29:39,655] | level=INFO | request_id=- | module=app.workers.worker | function=run_worker | line=127 | message="Starting audit worker for queue=audit.jobs"
[2026-07-12 01:29:39,656] | level=INFO | request_id=- | module=app.services.rabbitmq_service | function=_ensure_connection | line=60 | message="Opening RabbitMQ connection to localhost:5672"
[2026-07-12 01:29:39,659] | level=INFO | request_id=- | module=pika.adapters.utils.connection_workflow | function=start | line=179 | message="Pika version 1.3.2 connecting to ('::1', 5672, 0, 0)"
[2026-07-12 01:29:39,659] | level=INFO | request_id=- | module=pika.adapters.utils.io_services_utils | function=_on_writable | line=345 | message="Socket connected: <socket.socket fd=1980, family=AddressFamily.AF_INET6, type=SocketKind.SOCK_STREAM, proto=6, laddr=('::1', 54377, 0, 0), raddr=('::1', 5672, 0, 0)>"
[2026-07-12 01:29:39,661] | level=INFO | request_id=- | module=pika.adapters.utils.connection_workflow | function=_on_transport_establishment_done | line=428 | message="Streaming transport linked up: (<pika.adapters.utils.io_services_utils._AsyncPlaintextTransport object at 0x000002304A9C9B70>, _StreamingProtocolShim: <SelectConnection PROTOCOL transport=<pika.adapters.utils.io_services_utils._AsyncPlaintextTransport object at 0x000002304A9C9B70> params=<ConnectionParameters host=localhost port=5672 virtual_host=/ ssl=False>>)."
[2026-07-12 01:29:44,035] | level=INFO | request_id=- | module=app.core.database | function=get_database_status | line=70 | message="Postgres connected successfully: db=fmcg_db, user=admin, host=172.18.0.2/32, port=5432"
[2026-07-12 01:29:44,036] | level=INFO | request_id=- | module=app.workers.worker | function=run_worker | line=127 | message="Starting audit worker for queue=audit.jobs"
[2026-07-12 01:29:44,037] | level=INFO | request_id=- | module=app.services.rabbitmq_service | function=_ensure_connection | line=60 | message="Opening RabbitMQ connection to localhost:5672"
[2026-07-12 01:29:44,039] | level=INFO | request_id=- | module=pika.adapters.utils.connection_workflow | function=start | line=179 | message="Pika version 1.3.2 connecting to ('::1', 5672, 0, 0)"
[2026-07-12 01:29:44,040] | level=INFO | request_id=- | module=pika.adapters.utils.io_services_utils | function=_on_writable | line=345 | message="Socket connected: <socket.socket fd=2156, family=AddressFamily.AF_INET6, type=SocketKind.SOCK_STREAM, proto=6, laddr=('::1', 55975, 0, 0), raddr=('::1', 5672, 0, 0)>"
[2026-07-12 01:29:44,041] | level=INFO | request_id=- | module=pika.adapters.utils.connection_workflow | function=_on_transport_establishment_done | line=428 | message="Streaming transport linked up: (<pika.adapters.utils.io_services_utils._AsyncPlaintextTransport object at 0x000001E577ED6230>, _StreamingProtocolShim: <SelectConnection PROTOCOL transport=<pika.adapters.utils.io_services_utils._AsyncPlaintextTransport object at 0x000001E577ED6230> params=<ConnectionParameters host=localhost port=5672 virtual_host=/ ssl=False>>)."
[2026-07-12 01:29:44,089] | level=INFO | request_id=- | module=pika.adapters.utils.connection_workflow | function=_report_completion_and_cleanup | line=293 | message="AMQPConnector - reporting success: <SelectConnection OPEN transport=<pika.adapters.utils.io_services_utils._AsyncPlaintextTransport object at 0x000001E577ED6230> params=<ConnectionParameters host=localhost port=5672 virtual_host=/ ssl=False>>"
[2026-07-12 01:29:44,089] | level=INFO | request_id=- | module=pika.adapters.utils.connection_workflow | function=_report_completion_and_cleanup | line=725 | message="AMQPConnectionWorkflow - reporting success: <SelectConnection OPEN transport=<pika.adapters.utils.io_services_utils._AsyncPlaintextTransport object at 0x000001E577ED6230> params=<ConnectionParameters host=localhost port=5672 virtual_host=/ ssl=False>>"
[2026-07-12 01:29:44,090] | level=INFO | request_id=- | module=pika.adapters.blocking_connection | function=_create_connection | line=453 | message="Connection workflow succeeded: <SelectConnection OPEN transport=<pika.adapters.utils.io_services_utils._AsyncPlaintextTransport object at 0x000001E577ED6230> params=<ConnectionParameters host=localhost port=5672 virtual_host=/ ssl=False>>"
[2026-07-12 01:29:44,090] | level=INFO | request_id=- | module=pika.adapters.blocking_connection | function=__init__ | line=1264 | message="Created channel=1"
[2026-07-12 01:29:44,096] | level=INFO | request_id=- | module=app.services.rabbitmq_service | function=get_channel | line=85 | message="RabbitMQ channel ready for queue=audit.jobs"
[2026-07-12 01:29:44,097] | level=INFO | request_id=- | module=app.services.rabbitmq_service | function=consume | line=117 | message="Waiting for RabbitMQ messages on queue=audit.jobs"
[2026-07-12 01:31:24,068] | level=INFO | request_id=8afccd30-399c-4ba1-97b5-07a1d86cbc34 | module=app.api.v1.endpoints.product_codes | function=create_product_code | line=44 | message="Created product_code=BEV001"
[2026-07-12 01:31:36,393] | level=INFO | request_id=da9971da-a62c-4919-b4c9-dfc040664f9e | module=app.api.v1.endpoints.product_codes | function=create_product_code | line=44 | message="Created product_code=BEV002"
[2026-07-12 01:37:31,121] | level=ERROR | request_id=e5bd00bb-4f57-475f-8786-044b7c7610dc | module=app.core.database | function=get_db | line=37 | message="Unhandled DB session error"
Traceback (most recent call last):
  File "C:\Users\VIJAY\Desktop\GitHub\FMCG-Insight-360\app\core\database.py", line 33, in get_db
    yield db
fastapi.exceptions.ResponseValidationError: 1 validation errors:
  {'type': 'enum', 'loc': ('response', 0, 'type'), 'msg': "Input should be 'own' or 'competitor'", 'input': 'self', 'ctx': {'expected': "'own' or 'competitor'"}}

[2026-07-12 01:37:49,139] | level=ERROR | request_id=a88990ed-f453-496e-ad79-71eabc1a8084 | module=app.core.database | function=get_db | line=37 | message="Unhandled DB session error"
Traceback (most recent call last):
  File "C:\Users\VIJAY\Desktop\GitHub\FMCG-Insight-360\app\core\database.py", line 33, in get_db
    yield db
fastapi.exceptions.ResponseValidationError: 1 validation errors:
  {'type': 'enum', 'loc': ('response', 0, 'type'), 'msg': "Input should be 'own' or 'competitor'", 'input': 'self', 'ctx': {'expected': "'own' or 'competitor'"}}

[2026-07-12 01:38:01,260] | level=INFO | request_id=- | module=app.core.database | function=get_database_status | line=70 | message="Postgres connected successfully: db=fmcg_db, user=admin, host=172.18.0.2/32, port=5432"
[2026-07-12 01:38:01,261] | level=INFO | request_id=- | module=app.workers.worker | function=run_worker | line=127 | message="Starting audit worker for queue=audit.jobs"
[2026-07-12 01:38:01,262] | level=INFO | request_id=- | module=app.services.rabbitmq_service | function=_ensure_connection | line=60 | message="Opening RabbitMQ connection to localhost:5672"
[2026-07-12 01:38:01,264] | level=INFO | request_id=- | module=pika.adapters.utils.connection_workflow | function=start | line=179 | message="Pika version 1.3.2 connecting to ('::1', 5672, 0, 0)"
[2026-07-12 01:38:01,265] | level=INFO | request_id=- | module=pika.adapters.utils.io_services_utils | function=_on_writable | line=345 | message="Socket connected: <socket.socket fd=1904, family=AddressFamily.AF_INET6, type=SocketKind.SOCK_STREAM, proto=6, laddr=('::1', 55841, 0, 0), raddr=('::1', 5672, 0, 0)>"
[2026-07-12 01:38:01,266] | level=INFO | request_id=- | module=pika.adapters.utils.connection_workflow | function=_on_transport_establishment_done | line=428 | message="Streaming transport linked up: (<pika.adapters.utils.io_services_utils._AsyncPlaintextTransport object at 0x000001F6B5CB6170>, _StreamingProtocolShim: <SelectConnection PROTOCOL transport=<pika.adapters.utils.io_services_utils._AsyncPlaintextTransport object at 0x000001F6B5CB6170> params=<ConnectionParameters host=localhost port=5672 virtual_host=/ ssl=False>>)."
[2026-07-12 01:38:01,313] | level=INFO | request_id=- | module=pika.adapters.utils.connection_workflow | function=_report_completion_and_cleanup | line=293 | message="AMQPConnector - reporting success: <SelectConnection OPEN transport=<pika.adapters.utils.io_services_utils._AsyncPlaintextTransport object at 0x000001F6B5CB6170> params=<ConnectionParameters host=localhost port=5672 virtual_host=/ ssl=False>>"
[2026-07-12 01:38:01,314] | level=INFO | request_id=- | module=pika.adapters.utils.connection_workflow | function=_report_completion_and_cleanup | line=725 | message="AMQPConnectionWorkflow - reporting success: <SelectConnection OPEN transport=<pika.adapters.utils.io_services_utils._AsyncPlaintextTransport object at 0x000001F6B5CB6170> params=<ConnectionParameters host=localhost port=5672 virtual_host=/ ssl=False>>"
[2026-07-12 01:38:01,314] | level=INFO | request_id=- | module=pika.adapters.blocking_connection | function=_create_connection | line=453 | message="Connection workflow succeeded: <SelectConnection OPEN transport=<pika.adapters.utils.io_services_utils._AsyncPlaintextTransport object at 0x000001F6B5CB6170> params=<ConnectionParameters host=localhost port=5672 virtual_host=/ ssl=False>>"
[2026-07-12 01:38:01,315] | level=INFO | request_id=- | module=pika.adapters.blocking_connection | function=__init__ | line=1264 | message="Created channel=1"
[2026-07-12 01:38:01,319] | level=INFO | request_id=- | module=app.services.rabbitmq_service | function=get_channel | line=85 | message="RabbitMQ channel ready for queue=audit.jobs"
[2026-07-12 01:38:01,321] | level=INFO | request_id=- | module=app.services.rabbitmq_service | function=consume | line=117 | message="Waiting for RabbitMQ messages on queue=audit.jobs"
[2026-07-12 11:24:16,086] | level=INFO | request_id=- | module=app.core.database | function=get_database_status | line=70 | message="Postgres connected successfully: db=fmcg_db, user=admin, host=172.18.0.2/32, port=5432"
[2026-07-12 11:24:16,086] | level=INFO | request_id=- | module=app.workers.worker | function=run_worker | line=127 | message="Starting audit worker for queue=audit.jobs"
[2026-07-12 11:24:16,096] | level=INFO | request_id=- | module=app.services.rabbitmq_service | function=_ensure_connection | line=60 | message="Opening RabbitMQ connection to localhost:5672"
[2026-07-12 11:24:16,104] | level=INFO | request_id=- | module=pika.adapters.utils.connection_workflow | function=start | line=179 | message="Pika version 1.3.2 connecting to ('::1', 5672, 0, 0)"
[2026-07-12 11:24:18,123] | level=ERROR | request_id=- | module=pika.adapters.utils.io_services_utils | function=_on_writable | line=349 | message="Socket failed to connect: <socket.socket fd=2284, family=AddressFamily.AF_INET6, type=SocketKind.SOCK_STREAM, proto=6, laddr=('::', 56246, 0, 0)>; error=10061 (Unknown error)"
[2026-07-12 11:24:18,123] | level=ERROR | request_id=- | module=pika.adapters.utils.connection_workflow | function=_on_tcp_connection_done | line=375 | message="TCP Connection attempt failed: ConnectionRefusedError(10061, 'Unknown error'); dest=(<AddressFamily.AF_INET6: 23>, <SocketKind.SOCK_STREAM: 1>, 6, '', ('::1', 5672, 0, 0))"
[2026-07-12 11:24:18,123] | level=ERROR | request_id=- | module=pika.adapters.utils.connection_workflow | function=_report_completion_and_cleanup | line=291 | message="AMQPConnector - reporting failure: AMQPConnectorSocketConnectError: ConnectionRefusedError(10061, 'Unknown error')"
[2026-07-12 11:24:18,123] | level=INFO | request_id=- | module=pika.adapters.utils.connection_workflow | function=start | line=179 | message="Pika version 1.3.2 connecting to ('127.0.0.1', 5672)"
[2026-07-12 11:24:20,163] | level=ERROR | request_id=- | module=pika.adapters.utils.io_services_utils | function=_on_writable | line=349 | message="Socket failed to connect: <socket.socket fd=2284, family=AddressFamily.AF_INET, type=SocketKind.SOCK_STREAM, proto=6, laddr=('0.0.0.0', 56247)>; error=10061 (Unknown error)"
[2026-07-12 11:24:20,165] | level=ERROR | request_id=- | module=pika.adapters.utils.connection_workflow | function=_on_tcp_connection_done | line=375 | message="TCP Connection attempt failed: ConnectionRefusedError(10061, 'Unknown error'); dest=(<AddressFamily.AF_INET: 2>, <SocketKind.SOCK_STREAM: 1>, 6, '', ('127.0.0.1', 5672))"
[2026-07-12 11:24:20,167] | level=ERROR | request_id=- | module=pika.adapters.utils.connection_workflow | function=_report_completion_and_cleanup | line=291 | message="AMQPConnector - reporting failure: AMQPConnectorSocketConnectError: ConnectionRefusedError(10061, 'Unknown error')"
[2026-07-12 11:24:20,168] | level=ERROR | request_id=- | module=pika.adapters.utils.connection_workflow | function=_start_new_cycle_async | line=746 | message="AMQP connection workflow failed: AMQPConnectionWorkflowFailed: 2 exceptions in all; last exception - AMQPConnectorSocketConnectError: ConnectionRefusedError(10061, 'Unknown error'); first exception - AMQPConnectorSocketConnectError: ConnectionRefusedError(10061, 'Unknown error')."
[2026-07-12 11:24:20,170] | level=ERROR | request_id=- | module=pika.adapters.utils.connection_workflow | function=_report_completion_and_cleanup | line=723 | message="AMQPConnectionWorkflow - reporting failure: AMQPConnectionWorkflowFailed: 2 exceptions in all; last exception - AMQPConnectorSocketConnectError: ConnectionRefusedError(10061, 'Unknown error'); first exception - AMQPConnectorSocketConnectError: ConnectionRefusedError(10061, 'Unknown error')"
[2026-07-12 11:24:20,172] | level=ERROR | request_id=- | module=pika.adapters.blocking_connection | function=_create_connection | line=450 | message="Connection workflow failed: AMQPConnectionWorkflowFailed: 2 exceptions in all; last exception - AMQPConnectorSocketConnectError: ConnectionRefusedError(10061, 'Unknown error'); first exception - AMQPConnectorSocketConnectError: ConnectionRefusedError(10061, 'Unknown error')"
[2026-07-12 11:24:20,173] | level=ERROR | request_id=- | module=pika.adapters.blocking_connection | function=_create_connection | line=457 | message="Error in _create_connection()."
Traceback (most recent call last):
  File "C:\Users\VIJAY\anaconda3\envs\fmcg_123\lib\site-packages\pika\adapters\blocking_connection.py", line 451, in _create_connection
    raise self._reap_last_connection_workflow_error(error)
pika.exceptions.AMQPConnectionError
[2026-07-12 11:24:20,179] | level=WARNING | request_id=- | module=app.workers.worker | function=run_worker | line=153 | message="RabbitMQ unavailable at localhost:5672; retrying worker connection in 5 seconds"
[2026-07-12 11:24:25,187] | level=WARNING | request_id=- | module=app.workers.worker | function=run_worker | line=133 | message="RabbitMQ connection restored at localhost:5672; worker is consuming queue=audit.jobs"
[2026-07-12 11:24:25,187] | level=INFO | request_id=- | module=app.services.rabbitmq_service | function=_ensure_connection | line=60 | message="Opening RabbitMQ connection to localhost:5672"
[2026-07-12 11:24:25,192] | level=INFO | request_id=- | module=pika.adapters.utils.connection_workflow | function=start | line=179 | message="Pika version 1.3.2 connecting to ('::1', 5672, 0, 0)"
[2026-07-12 11:24:27,214] | level=ERROR | request_id=- | module=pika.adapters.utils.io_services_utils | function=_on_writable | line=349 | message="Socket failed to connect: <socket.socket fd=1716, family=AddressFamily.AF_INET6, type=SocketKind.SOCK_STREAM, proto=6, laddr=('::', 56250, 0, 0)>; error=10061 (Unknown error)"
[2026-07-12 11:24:27,214] | level=ERROR | request_id=- | module=pika.adapters.utils.connection_workflow | function=_on_tcp_connection_done | line=375 | message="TCP Connection attempt failed: ConnectionRefusedError(10061, 'Unknown error'); dest=(<AddressFamily.AF_INET6: 23>, <SocketKind.SOCK_STREAM: 1>, 6, '', ('::1', 5672, 0, 0))"
[2026-07-12 11:24:27,216] | level=ERROR | request_id=- | module=pika.adapters.utils.connection_workflow | function=_report_completion_and_cleanup | line=291 | message="AMQPConnector - reporting failure: AMQPConnectorSocketConnectError: ConnectionRefusedError(10061, 'Unknown error')"
[2026-07-12 11:24:27,216] | level=INFO | request_id=- | module=pika.adapters.utils.connection_workflow | function=start | line=179 | message="Pika version 1.3.2 connecting to ('127.0.0.1', 5672)"
[2026-07-12 11:24:29,233] | level=ERROR | request_id=- | module=pika.adapters.utils.io_services_utils | function=_on_writable | line=349 | message="Socket failed to connect: <socket.socket fd=1716, family=AddressFamily.AF_INET, type=SocketKind.SOCK_STREAM, proto=6, laddr=('0.0.0.0', 56251)>; error=10061 (Unknown error)"
[2026-07-12 11:24:29,235] | level=ERROR | request_id=- | module=pika.adapters.utils.connection_workflow | function=_on_tcp_connection_done | line=375 | message="TCP Connection attempt failed: ConnectionRefusedError(10061, 'Unknown error'); dest=(<AddressFamily.AF_INET: 2>, <SocketKind.SOCK_STREAM: 1>, 6, '', ('127.0.0.1', 5672))"
[2026-07-12 11:24:29,235] | level=ERROR | request_id=- | module=pika.adapters.utils.connection_workflow | function=_report_completion_and_cleanup | line=291 | message="AMQPConnector - reporting failure: AMQPConnectorSocketConnectError: ConnectionRefusedError(10061, 'Unknown error')"
[2026-07-12 11:24:29,235] | level=ERROR | request_id=- | module=pika.adapters.utils.connection_workflow | function=_start_new_cycle_async | line=746 | message="AMQP connection workflow failed: AMQPConnectionWorkflowFailed: 2 exceptions in all; last exception - AMQPConnectorSocketConnectError: ConnectionRefusedError(10061, 'Unknown error'); first exception - AMQPConnectorSocketConnectError: ConnectionRefusedError(10061, 'Unknown error')."
[2026-07-12 11:24:29,237] | level=ERROR | request_id=- | module=pika.adapters.utils.connection_workflow | function=_report_completion_and_cleanup | line=723 | message="AMQPConnectionWorkflow - reporting failure: AMQPConnectionWorkflowFailed: 2 exceptions in all; last exception - AMQPConnectorSocketConnectError: ConnectionRefusedError(10061, 'Unknown error'); first exception - AMQPConnectorSocketConnectError: ConnectionRefusedError(10061, 'Unknown error')"
[2026-07-12 11:24:29,237] | level=ERROR | request_id=- | module=pika.adapters.blocking_connection | function=_create_connection | line=450 | message="Connection workflow failed: AMQPConnectionWorkflowFailed: 2 exceptions in all; last exception - AMQPConnectorSocketConnectError: ConnectionRefusedError(10061, 'Unknown error'); first exception - AMQPConnectorSocketConnectError: ConnectionRefusedError(10061, 'Unknown error')"
[2026-07-12 11:24:29,239] | level=ERROR | request_id=- | module=pika.adapters.blocking_connection | function=_create_connection | line=457 | message="Error in _create_connection()."
Traceback (most recent call last):
  File "C:\Users\VIJAY\anaconda3\envs\fmcg_123\lib\site-packages\pika\adapters\blocking_connection.py", line 451, in _create_connection
    raise self._reap_last_connection_workflow_error(error)
pika.exceptions.AMQPConnectionError
[2026-07-12 11:24:29,240] | level=WARNING | request_id=- | module=app.workers.worker | function=run_worker | line=153 | message="RabbitMQ unavailable at localhost:5672; retrying worker connection in 5 seconds"
[2026-07-12 11:24:34,246] | level=WARNING | request_id=- | module=app.workers.worker | function=run_worker | line=133 | message="RabbitMQ connection restored at localhost:5672; worker is consuming queue=audit.jobs"
[2026-07-12 11:24:34,246] | level=INFO | request_id=- | module=app.services.rabbitmq_service | function=_ensure_connection | line=60 | message="Opening RabbitMQ connection to localhost:5672"
[2026-07-12 11:24:34,253] | level=INFO | request_id=- | module=pika.adapters.utils.connection_workflow | function=start | line=179 | message="Pika version 1.3.2 connecting to ('::1', 5672, 0, 0)"
[2026-07-12 11:24:36,266] | level=ERROR | request_id=- | module=pika.adapters.utils.io_services_utils | function=_on_writable | line=349 | message="Socket failed to connect: <socket.socket fd=1460, family=AddressFamily.AF_INET6, type=SocketKind.SOCK_STREAM, proto=6, laddr=('::', 56254, 0, 0)>; error=10061 (Unknown error)"
[2026-07-12 11:24:36,266] | level=ERROR | request_id=- | module=pika.adapters.utils.connection_workflow | function=_on_tcp_connection_done | line=375 | message="TCP Connection attempt failed: ConnectionRefusedError(10061, 'Unknown error'); dest=(<AddressFamily.AF_INET6: 23>, <SocketKind.SOCK_STREAM: 1>, 6, '', ('::1', 5672, 0, 0))"
[2026-07-12 11:24:36,269] | level=ERROR | request_id=- | module=pika.adapters.utils.connection_workflow | function=_report_completion_and_cleanup | line=291 | message="AMQPConnector - reporting failure: AMQPConnectorSocketConnectError: ConnectionRefusedError(10061, 'Unknown error')"
[2026-07-12 11:24:36,269] | level=INFO | request_id=- | module=pika.adapters.utils.connection_workflow | function=start | line=179 | message="Pika version 1.3.2 connecting to ('127.0.0.1', 5672)"
[2026-07-12 11:24:38,311] | level=ERROR | request_id=- | module=pika.adapters.utils.io_services_utils | function=_on_writable | line=349 | message="Socket failed to connect: <socket.socket fd=1460, family=AddressFamily.AF_INET, type=SocketKind.SOCK_STREAM, proto=6, laddr=('0.0.0.0', 60349)>; error=10061 (Unknown error)"
[2026-07-12 11:24:38,312] | level=ERROR | request_id=- | module=pika.adapters.utils.connection_workflow | function=_on_tcp_connection_done | line=375 | message="TCP Connection attempt failed: ConnectionRefusedError(10061, 'Unknown error'); dest=(<AddressFamily.AF_INET: 2>, <SocketKind.SOCK_STREAM: 1>, 6, '', ('127.0.0.1', 5672))"
[2026-07-12 11:24:38,312] | level=ERROR | request_id=- | module=pika.adapters.utils.connection_workflow | function=_report_completion_and_cleanup | line=291 | message="AMQPConnector - reporting failure: AMQPConnectorSocketConnectError: ConnectionRefusedError(10061, 'Unknown error')"
[2026-07-12 11:24:38,312] | level=ERROR | request_id=- | module=pika.adapters.utils.connection_workflow | function=_start_new_cycle_async | line=746 | message="AMQP connection workflow failed: AMQPConnectionWorkflowFailed: 2 exceptions in all; last exception - AMQPConnectorSocketConnectError: ConnectionRefusedError(10061, 'Unknown error'); first exception - AMQPConnectorSocketConnectError: ConnectionRefusedError(10061, 'Unknown error')."
[2026-07-12 11:24:38,312] | level=ERROR | request_id=- | module=pika.adapters.utils.connection_workflow | function=_report_completion_and_cleanup | line=723 | message="AMQPConnectionWorkflow - reporting failure: AMQPConnectionWorkflowFailed: 2 exceptions in all; last exception - AMQPConnectorSocketConnectError: ConnectionRefusedError(10061, 'Unknown error'); first exception - AMQPConnectorSocketConnectError: ConnectionRefusedError(10061, 'Unknown error')"
[2026-07-12 11:24:38,316] | level=ERROR | request_id=- | module=pika.adapters.blocking_connection | function=_create_connection | line=450 | message="Connection workflow failed: AMQPConnectionWorkflowFailed: 2 exceptions in all; last exception - AMQPConnectorSocketConnectError: ConnectionRefusedError(10061, 'Unknown error'); first exception - AMQPConnectorSocketConnectError: ConnectionRefusedError(10061, 'Unknown error')"
[2026-07-12 11:24:38,316] | level=ERROR | request_id=- | module=pika.adapters.blocking_connection | function=_create_connection | line=457 | message="Error in _create_connection()."
Traceback (most recent call last):
  File "C:\Users\VIJAY\anaconda3\envs\fmcg_123\lib\site-packages\pika\adapters\blocking_connection.py", line 451, in _create_connection
    raise self._reap_last_connection_workflow_error(error)
pika.exceptions.AMQPConnectionError
[2026-07-12 11:24:38,316] | level=WARNING | request_id=- | module=app.workers.worker | function=run_worker | line=153 | message="RabbitMQ unavailable at localhost:5672; retrying worker connection in 5 seconds"
[2026-07-12 11:24:43,325] | level=WARNING | request_id=- | module=app.workers.worker | function=run_worker | line=133 | message="RabbitMQ connection restored at localhost:5672; worker is consuming queue=audit.jobs"
[2026-07-12 11:24:43,325] | level=INFO | request_id=- | module=app.services.rabbitmq_service | function=_ensure_connection | line=60 | message="Opening RabbitMQ connection to localhost:5672"
[2026-07-12 11:24:43,325] | level=INFO | request_id=- | module=pika.adapters.utils.connection_workflow | function=start | line=179 | message="Pika version 1.3.2 connecting to ('::1', 5672, 0, 0)"
[2026-07-12 11:24:45,376] | level=ERROR | request_id=- | module=pika.adapters.utils.io_services_utils | function=_on_writable | line=349 | message="Socket failed to connect: <socket.socket fd=2348, family=AddressFamily.AF_INET6, type=SocketKind.SOCK_STREAM, proto=6, laddr=('::', 60352, 0, 0)>; error=10061 (Unknown error)"
[2026-07-12 11:24:45,377] | level=ERROR | request_id=- | module=pika.adapters.utils.connection_workflow | function=_on_tcp_connection_done | line=375 | message="TCP Connection attempt failed: ConnectionRefusedError(10061, 'Unknown error'); dest=(<AddressFamily.AF_INET6: 23>, <SocketKind.SOCK_STREAM: 1>, 6, '', ('::1', 5672, 0, 0))"
[2026-07-12 11:24:45,377] | level=ERROR | request_id=- | module=pika.adapters.utils.connection_workflow | function=_report_completion_and_cleanup | line=291 | message="AMQPConnector - reporting failure: AMQPConnectorSocketConnectError: ConnectionRefusedError(10061, 'Unknown error')"
[2026-07-12 11:24:45,379] | level=INFO | request_id=- | module=pika.adapters.utils.connection_workflow | function=start | line=179 | message="Pika version 1.3.2 connecting to ('127.0.0.1', 5672)"
[2026-07-12 11:24:47,422] | level=ERROR | request_id=- | module=pika.adapters.utils.io_services_utils | function=_on_writable | line=349 | message="Socket failed to connect: <socket.socket fd=2348, family=AddressFamily.AF_INET, type=SocketKind.SOCK_STREAM, proto=6, laddr=('0.0.0.0', 60353)>; error=10061 (Unknown error)"
[2026-07-12 11:24:47,422] | level=ERROR | request_id=- | module=pika.adapters.utils.connection_workflow | function=_on_tcp_connection_done | line=375 | message="TCP Connection attempt failed: ConnectionRefusedError(10061, 'Unknown error'); dest=(<AddressFamily.AF_INET: 2>, <SocketKind.SOCK_STREAM: 1>, 6, '', ('127.0.0.1', 5672))"
[2026-07-12 11:24:47,424] | level=ERROR | request_id=- | module=pika.adapters.utils.connection_workflow | function=_report_completion_and_cleanup | line=291 | message="AMQPConnector - reporting failure: AMQPConnectorSocketConnectError: ConnectionRefusedError(10061, 'Unknown error')"
[2026-07-12 11:24:47,424] | level=ERROR | request_id=- | module=pika.adapters.utils.connection_workflow | function=_start_new_cycle_async | line=746 | message="AMQP connection workflow failed: AMQPConnectionWorkflowFailed: 2 exceptions in all; last exception - AMQPConnectorSocketConnectError: ConnectionRefusedError(10061, 'Unknown error'); first exception - AMQPConnectorSocketConnectError: ConnectionRefusedError(10061, 'Unknown error')."
[2026-07-12 11:24:47,426] | level=ERROR | request_id=- | module=pika.adapters.utils.connection_workflow | function=_report_completion_and_cleanup | line=723 | message="AMQPConnectionWorkflow - reporting failure: AMQPConnectionWorkflowFailed: 2 exceptions in all; last exception - AMQPConnectorSocketConnectError: ConnectionRefusedError(10061, 'Unknown error'); first exception - AMQPConnectorSocketConnectError: ConnectionRefusedError(10061, 'Unknown error')"
[2026-07-12 11:24:47,426] | level=ERROR | request_id=- | module=pika.adapters.blocking_connection | function=_create_connection | line=450 | message="Connection workflow failed: AMQPConnectionWorkflowFailed: 2 exceptions in all; last exception - AMQPConnectorSocketConnectError: ConnectionRefusedError(10061, 'Unknown error'); first exception - AMQPConnectorSocketConnectError: ConnectionRefusedError(10061, 'Unknown error')"
[2026-07-12 11:24:47,426] | level=ERROR | request_id=- | module=pika.adapters.blocking_connection | function=_create_connection | line=457 | message="Error in _create_connection()."
Traceback (most recent call last):
  File "C:\Users\VIJAY\anaconda3\envs\fmcg_123\lib\site-packages\pika\adapters\blocking_connection.py", line 451, in _create_connection
    raise self._reap_last_connection_workflow_error(error)
pika.exceptions.AMQPConnectionError
[2026-07-12 11:24:47,426] | level=WARNING | request_id=- | module=app.workers.worker | function=run_worker | line=153 | message="RabbitMQ unavailable at localhost:5672; retrying worker connection in 5 seconds"
[2026-07-12 11:24:52,433] | level=WARNING | request_id=- | module=app.workers.worker | function=run_worker | line=133 | message="RabbitMQ connection restored at localhost:5672; worker is consuming queue=audit.jobs"
[2026-07-12 11:24:52,433] | level=INFO | request_id=- | module=app.services.rabbitmq_service | function=_ensure_connection | line=60 | message="Opening RabbitMQ connection to localhost:5672"
[2026-07-12 11:24:52,433] | level=INFO | request_id=- | module=pika.adapters.utils.connection_workflow | function=start | line=179 | message="Pika version 1.3.2 connecting to ('::1', 5672, 0, 0)"
[2026-07-12 11:24:54,483] | level=ERROR | request_id=- | module=pika.adapters.utils.io_services_utils | function=_on_writable | line=349 | message="Socket failed to connect: <socket.socket fd=2356, family=AddressFamily.AF_INET6, type=SocketKind.SOCK_STREAM, proto=6, laddr=('::', 60356, 0, 0)>; error=10061 (Unknown error)"
[2026-07-12 11:24:54,483] | level=ERROR | request_id=- | module=pika.adapters.utils.connection_workflow | function=_on_tcp_connection_done | line=375 | message="TCP Connection attempt failed: ConnectionRefusedError(10061, 'Unknown error'); dest=(<AddressFamily.AF_INET6: 23>, <SocketKind.SOCK_STREAM: 1>, 6, '', ('::1', 5672, 0, 0))"
[2026-07-12 11:24:54,483] | level=ERROR | request_id=- | module=pika.adapters.utils.connection_workflow | function=_report_completion_and_cleanup | line=291 | message="AMQPConnector - reporting failure: AMQPConnectorSocketConnectError: ConnectionRefusedError(10061, 'Unknown error')"
[2026-07-12 11:24:54,483] | level=INFO | request_id=- | module=pika.adapters.utils.connection_workflow | function=start | line=179 | message="Pika version 1.3.2 connecting to ('127.0.0.1', 5672)"
[2026-07-12 11:24:56,512] | level=ERROR | request_id=- | module=pika.adapters.utils.io_services_utils | function=_on_writable | line=349 | message="Socket failed to connect: <socket.socket fd=2356, family=AddressFamily.AF_INET, type=SocketKind.SOCK_STREAM, proto=6, laddr=('0.0.0.0', 60357)>; error=10061 (Unknown error)"
[2026-07-12 11:24:56,512] | level=ERROR | request_id=- | module=pika.adapters.utils.connection_workflow | function=_on_tcp_connection_done | line=375 | message="TCP Connection attempt failed: ConnectionRefusedError(10061, 'Unknown error'); dest=(<AddressFamily.AF_INET: 2>, <SocketKind.SOCK_STREAM: 1>, 6, '', ('127.0.0.1', 5672))"
[2026-07-12 11:24:56,515] | level=ERROR | request_id=- | module=pika.adapters.utils.connection_workflow | function=_report_completion_and_cleanup | line=291 | message="AMQPConnector - reporting failure: AMQPConnectorSocketConnectError: ConnectionRefusedError(10061, 'Unknown error')"
[2026-07-12 11:24:56,515] | level=ERROR | request_id=- | module=pika.adapters.utils.connection_workflow | function=_start_new_cycle_async | line=746 | message="AMQP connection workflow failed: AMQPConnectionWorkflowFailed: 2 exceptions in all; last exception - AMQPConnectorSocketConnectError: ConnectionRefusedError(10061, 'Unknown error'); first exception - AMQPConnectorSocketConnectError: ConnectionRefusedError(10061, 'Unknown error')."
[2026-07-12 11:24:56,517] | level=ERROR | request_id=- | module=pika.adapters.utils.connection_workflow | function=_report_completion_and_cleanup | line=723 | message="AMQPConnectionWorkflow - reporting failure: AMQPConnectionWorkflowFailed: 2 exceptions in all; last exception - AMQPConnectorSocketConnectError: ConnectionRefusedError(10061, 'Unknown error'); first exception - AMQPConnectorSocketConnectError: ConnectionRefusedError(10061, 'Unknown error')"
[2026-07-12 11:24:56,517] | level=ERROR | request_id=- | module=pika.adapters.blocking_connection | function=_create_connection | line=450 | message="Connection workflow failed: AMQPConnectionWorkflowFailed: 2 exceptions in all; last exception - AMQPConnectorSocketConnectError: ConnectionRefusedError(10061, 'Unknown error'); first exception - AMQPConnectorSocketConnectError: ConnectionRefusedError(10061, 'Unknown error')"
[2026-07-12 11:24:56,517] | level=ERROR | request_id=- | module=pika.adapters.blocking_connection | function=_create_connection | line=457 | message="Error in _create_connection()."
Traceback (most recent call last):
  File "C:\Users\VIJAY\anaconda3\envs\fmcg_123\lib\site-packages\pika\adapters\blocking_connection.py", line 451, in _create_connection
    raise self._reap_last_connection_workflow_error(error)
pika.exceptions.AMQPConnectionError
[2026-07-12 11:24:56,520] | level=WARNING | request_id=- | module=app.workers.worker | function=run_worker | line=153 | message="RabbitMQ unavailable at localhost:5672; retrying worker connection in 5 seconds"
[2026-07-12 11:25:01,535] | level=WARNING | request_id=- | module=app.workers.worker | function=run_worker | line=133 | message="RabbitMQ connection restored at localhost:5672; worker is consuming queue=audit.jobs"
[2026-07-12 11:25:01,536] | level=INFO | request_id=- | module=app.services.rabbitmq_service | function=_ensure_connection | line=60 | message="Opening RabbitMQ connection to localhost:5672"
[2026-07-12 11:25:01,541] | level=INFO | request_id=- | module=pika.adapters.utils.connection_workflow | function=start | line=179 | message="Pika version 1.3.2 connecting to ('::1', 5672, 0, 0)"
[2026-07-12 11:25:03,568] | level=ERROR | request_id=- | module=pika.adapters.utils.io_services_utils | function=_on_writable | line=349 | message="Socket failed to connect: <socket.socket fd=2272, family=AddressFamily.AF_INET6, type=SocketKind.SOCK_STREAM, proto=6, laddr=('::', 60360, 0, 0)>; error=10061 (Unknown error)"
[2026-07-12 11:25:03,569] | level=ERROR | request_id=- | module=pika.adapters.utils.connection_workflow | function=_on_tcp_connection_done | line=375 | message="TCP Connection attempt failed: ConnectionRefusedError(10061, 'Unknown error'); dest=(<AddressFamily.AF_INET6: 23>, <SocketKind.SOCK_STREAM: 1>, 6, '', ('::1', 5672, 0, 0))"
[2026-07-12 11:25:03,569] | level=ERROR | request_id=- | module=pika.adapters.utils.connection_workflow | function=_report_completion_and_cleanup | line=291 | message="AMQPConnector - reporting failure: AMQPConnectorSocketConnectError: ConnectionRefusedError(10061, 'Unknown error')"
[2026-07-12 11:25:03,569] | level=INFO | request_id=- | module=pika.adapters.utils.connection_workflow | function=start | line=179 | message="Pika version 1.3.2 connecting to ('127.0.0.1', 5672)"
[2026-07-12 11:25:05,592] | level=ERROR | request_id=- | module=pika.adapters.utils.io_services_utils | function=_on_writable | line=349 | message="Socket failed to connect: <socket.socket fd=2272, family=AddressFamily.AF_INET, type=SocketKind.SOCK_STREAM, proto=6, laddr=('0.0.0.0', 60361)>; error=10061 (Unknown error)"
[2026-07-12 11:25:05,593] | level=ERROR | request_id=- | module=pika.adapters.utils.connection_workflow | function=_on_tcp_connection_done | line=375 | message="TCP Connection attempt failed: ConnectionRefusedError(10061, 'Unknown error'); dest=(<AddressFamily.AF_INET: 2>, <SocketKind.SOCK_STREAM: 1>, 6, '', ('127.0.0.1', 5672))"
[2026-07-12 11:25:05,595] | level=ERROR | request_id=- | module=pika.adapters.utils.connection_workflow | function=_report_completion_and_cleanup | line=291 | message="AMQPConnector - reporting failure: AMQPConnectorSocketConnectError: ConnectionRefusedError(10061, 'Unknown error')"
[2026-07-12 11:25:05,596] | level=ERROR | request_id=- | module=pika.adapters.utils.connection_workflow | function=_start_new_cycle_async | line=746 | message="AMQP connection workflow failed: AMQPConnectionWorkflowFailed: 2 exceptions in all; last exception - AMQPConnectorSocketConnectError: ConnectionRefusedError(10061, 'Unknown error'); first exception - AMQPConnectorSocketConnectError: ConnectionRefusedError(10061, 'Unknown error')."
[2026-07-12 11:25:05,597] | level=ERROR | request_id=- | module=pika.adapters.utils.connection_workflow | function=_report_completion_and_cleanup | line=723 | message="AMQPConnectionWorkflow - reporting failure: AMQPConnectionWorkflowFailed: 2 exceptions in all; last exception - AMQPConnectorSocketConnectError: ConnectionRefusedError(10061, 'Unknown error'); first exception - AMQPConnectorSocketConnectError: ConnectionRefusedError(10061, 'Unknown error')"
[2026-07-12 11:25:05,597] | level=ERROR | request_id=- | module=pika.adapters.blocking_connection | function=_create_connection | line=450 | message="Connection workflow failed: AMQPConnectionWorkflowFailed: 2 exceptions in all; last exception - AMQPConnectorSocketConnectError: ConnectionRefusedError(10061, 'Unknown error'); first exception - AMQPConnectorSocketConnectError: ConnectionRefusedError(10061, 'Unknown error')"
[2026-07-12 11:25:05,599] | level=ERROR | request_id=- | module=pika.adapters.blocking_connection | function=_create_connection | line=457 | message="Error in _create_connection()."
Traceback (most recent call last):
  File "C:\Users\VIJAY\anaconda3\envs\fmcg_123\lib\site-packages\pika\adapters\blocking_connection.py", line 451, in _create_connection
    raise self._reap_last_connection_workflow_error(error)
pika.exceptions.AMQPConnectionError
[2026-07-12 11:25:05,601] | level=WARNING | request_id=- | module=app.workers.worker | function=run_worker | line=153 | message="RabbitMQ unavailable at localhost:5672; retrying worker connection in 5 seconds"
[2026-07-12 11:25:10,610] | level=WARNING | request_id=- | module=app.workers.worker | function=run_worker | line=133 | message="RabbitMQ connection restored at localhost:5672; worker is consuming queue=audit.jobs"
[2026-07-12 11:25:10,610] | level=INFO | request_id=- | module=app.services.rabbitmq_service | function=_ensure_connection | line=60 | message="Opening RabbitMQ connection to localhost:5672"
[2026-07-12 11:25:10,618] | level=INFO | request_id=- | module=pika.adapters.utils.connection_workflow | function=start | line=179 | message="Pika version 1.3.2 connecting to ('::1', 5672, 0, 0)"
[2026-07-12 11:25:12,646] | level=ERROR | request_id=- | module=pika.adapters.utils.io_services_utils | function=_on_writable | line=349 | message="Socket failed to connect: <socket.socket fd=2352, family=AddressFamily.AF_INET6, type=SocketKind.SOCK_STREAM, proto=6, laddr=('::', 60439, 0, 0)>; error=10061 (Unknown error)"
[2026-07-12 11:25:12,647] | level=ERROR | request_id=- | module=pika.adapters.utils.connection_workflow | function=_on_tcp_connection_done | line=375 | message="TCP Connection attempt failed: ConnectionRefusedError(10061, 'Unknown error'); dest=(<AddressFamily.AF_INET6: 23>, <SocketKind.SOCK_STREAM: 1>, 6, '', ('::1', 5672, 0, 0))"
[2026-07-12 11:25:12,650] | level=ERROR | request_id=- | module=pika.adapters.utils.connection_workflow | function=_report_completion_and_cleanup | line=291 | message="AMQPConnector - reporting failure: AMQPConnectorSocketConnectError: ConnectionRefusedError(10061, 'Unknown error')"
[2026-07-12 11:25:12,652] | level=INFO | request_id=- | module=pika.adapters.utils.connection_workflow | function=start | line=179 | message="Pika version 1.3.2 connecting to ('127.0.0.1', 5672)"
[2026-07-12 11:25:14,682] | level=ERROR | request_id=- | module=pika.adapters.utils.io_services_utils | function=_on_writable | line=349 | message="Socket failed to connect: <socket.socket fd=2352, family=AddressFamily.AF_INET, type=SocketKind.SOCK_STREAM, proto=6, laddr=('0.0.0.0', 60440)>; error=10061 (Unknown error)"
[2026-07-12 11:25:14,684] | level=ERROR | request_id=- | module=pika.adapters.utils.connection_workflow | function=_on_tcp_connection_done | line=375 | message="TCP Connection attempt failed: ConnectionRefusedError(10061, 'Unknown error'); dest=(<AddressFamily.AF_INET: 2>, <SocketKind.SOCK_STREAM: 1>, 6, '', ('127.0.0.1', 5672))"
[2026-07-12 11:25:14,684] | level=ERROR | request_id=- | module=pika.adapters.utils.connection_workflow | function=_report_completion_and_cleanup | line=291 | message="AMQPConnector - reporting failure: AMQPConnectorSocketConnectError: ConnectionRefusedError(10061, 'Unknown error')"
[2026-07-12 11:25:14,686] | level=ERROR | request_id=- | module=pika.adapters.utils.connection_workflow | function=_start_new_cycle_async | line=746 | message="AMQP connection workflow failed: AMQPConnectionWorkflowFailed: 2 exceptions in all; last exception - AMQPConnectorSocketConnectError: ConnectionRefusedError(10061, 'Unknown error'); first exception - AMQPConnectorSocketConnectError: ConnectionRefusedError(10061, 'Unknown error')."
[2026-07-12 11:25:14,686] | level=ERROR | request_id=- | module=pika.adapters.utils.connection_workflow | function=_report_completion_and_cleanup | line=723 | message="AMQPConnectionWorkflow - reporting failure: AMQPConnectionWorkflowFailed: 2 exceptions in all; last exception - AMQPConnectorSocketConnectError: ConnectionRefusedError(10061, 'Unknown error'); first exception - AMQPConnectorSocketConnectError: ConnectionRefusedError(10061, 'Unknown error')"
[2026-07-12 11:25:14,688] | level=ERROR | request_id=- | module=pika.adapters.blocking_connection | function=_create_connection | line=450 | message="Connection workflow failed: AMQPConnectionWorkflowFailed: 2 exceptions in all; last exception - AMQPConnectorSocketConnectError: ConnectionRefusedError(10061, 'Unknown error'); first exception - AMQPConnectorSocketConnectError: ConnectionRefusedError(10061, 'Unknown error')"
[2026-07-12 11:25:14,690] | level=ERROR | request_id=- | module=pika.adapters.blocking_connection | function=_create_connection | line=457 | message="Error in _create_connection()."
Traceback (most recent call last):
  File "C:\Users\VIJAY\anaconda3\envs\fmcg_123\lib\site-packages\pika\adapters\blocking_connection.py", line 451, in _create_connection
    raise self._reap_last_connection_workflow_error(error)
pika.exceptions.AMQPConnectionError
[2026-07-12 11:25:14,692] | level=WARNING | request_id=- | module=app.workers.worker | function=run_worker | line=153 | message="RabbitMQ unavailable at localhost:5672; retrying worker connection in 5 seconds"
[2026-07-12 11:25:19,697] | level=WARNING | request_id=- | module=app.workers.worker | function=run_worker | line=133 | message="RabbitMQ connection restored at localhost:5672; worker is consuming queue=audit.jobs"
[2026-07-12 11:25:19,697] | level=INFO | request_id=- | module=app.services.rabbitmq_service | function=_ensure_connection | line=60 | message="Opening RabbitMQ connection to localhost:5672"
[2026-07-12 11:25:19,697] | level=INFO | request_id=- | module=pika.adapters.utils.connection_workflow | function=start | line=179 | message="Pika version 1.3.2 connecting to ('::1', 5672, 0, 0)"
[2026-07-12 11:25:21,731] | level=ERROR | request_id=- | module=pika.adapters.utils.io_services_utils | function=_on_writable | line=349 | message="Socket failed to connect: <socket.socket fd=2372, family=AddressFamily.AF_INET6, type=SocketKind.SOCK_STREAM, proto=6, laddr=('::', 55348, 0, 0)>; error=10061 (Unknown error)"
[2026-07-12 11:25:21,731] | level=ERROR | request_id=- | module=pika.adapters.utils.connection_workflow | function=_on_tcp_connection_done | line=375 | message="TCP Connection attempt failed: ConnectionRefusedError(10061, 'Unknown error'); dest=(<AddressFamily.AF_INET6: 23>, <SocketKind.SOCK_STREAM: 1>, 6, '', ('::1', 5672, 0, 0))"
[2026-07-12 11:25:21,736] | level=ERROR | request_id=- | module=pika.adapters.utils.connection_workflow | function=_report_completion_and_cleanup | line=291 | message="AMQPConnector - reporting failure: AMQPConnectorSocketConnectError: ConnectionRefusedError(10061, 'Unknown error')"
[2026-07-12 11:25:21,736] | level=INFO | request_id=- | module=pika.adapters.utils.connection_workflow | function=start | line=179 | message="Pika version 1.3.2 connecting to ('127.0.0.1', 5672)"
[2026-07-12 11:25:23,775] | level=ERROR | request_id=- | module=pika.adapters.utils.io_services_utils | function=_on_writable | line=349 | message="Socket failed to connect: <socket.socket fd=2372, family=AddressFamily.AF_INET, type=SocketKind.SOCK_STREAM, proto=6, laddr=('0.0.0.0', 57116)>; error=10061 (Unknown error)"
[2026-07-12 11:25:23,775] | level=ERROR | request_id=- | module=pika.adapters.utils.connection_workflow | function=_on_tcp_connection_done | line=375 | message="TCP Connection attempt failed: ConnectionRefusedError(10061, 'Unknown error'); dest=(<AddressFamily.AF_INET: 2>, <SocketKind.SOCK_STREAM: 1>, 6, '', ('127.0.0.1', 5672))"
[2026-07-12 11:25:23,775] | level=ERROR | request_id=- | module=pika.adapters.utils.connection_workflow | function=_report_completion_and_cleanup | line=291 | message="AMQPConnector - reporting failure: AMQPConnectorSocketConnectError: ConnectionRefusedError(10061, 'Unknown error')"
[2026-07-12 11:25:23,775] | level=ERROR | request_id=- | module=pika.adapters.utils.connection_workflow | function=_start_new_cycle_async | line=746 | message="AMQP connection workflow failed: AMQPConnectionWorkflowFailed: 2 exceptions in all; last exception - AMQPConnectorSocketConnectError: ConnectionRefusedError(10061, 'Unknown error'); first exception - AMQPConnectorSocketConnectError: ConnectionRefusedError(10061, 'Unknown error')."
[2026-07-12 11:25:23,775] | level=ERROR | request_id=- | module=pika.adapters.utils.connection_workflow | function=_report_completion_and_cleanup | line=723 | message="AMQPConnectionWorkflow - reporting failure: AMQPConnectionWorkflowFailed: 2 exceptions in all; last exception - AMQPConnectorSocketConnectError: ConnectionRefusedError(10061, 'Unknown error'); first exception - AMQPConnectorSocketConnectError: ConnectionRefusedError(10061, 'Unknown error')"
[2026-07-12 11:25:23,780] | level=ERROR | request_id=- | module=pika.adapters.blocking_connection | function=_create_connection | line=450 | message="Connection workflow failed: AMQPConnectionWorkflowFailed: 2 exceptions in all; last exception - AMQPConnectorSocketConnectError: ConnectionRefusedError(10061, 'Unknown error'); first exception - AMQPConnectorSocketConnectError: ConnectionRefusedError(10061, 'Unknown error')"
[2026-07-12 11:25:23,780] | level=ERROR | request_id=- | module=pika.adapters.blocking_connection | function=_create_connection | line=457 | message="Error in _create_connection()."
Traceback (most recent call last):
  File "C:\Users\VIJAY\anaconda3\envs\fmcg_123\lib\site-packages\pika\adapters\blocking_connection.py", line 451, in _create_connection
    raise self._reap_last_connection_workflow_error(error)
pika.exceptions.AMQPConnectionError
[2026-07-12 11:25:23,783] | level=WARNING | request_id=- | module=app.workers.worker | function=run_worker | line=153 | message="RabbitMQ unavailable at localhost:5672; retrying worker connection in 5 seconds"
[2026-07-12 11:25:28,789] | level=WARNING | request_id=- | module=app.workers.worker | function=run_worker | line=133 | message="RabbitMQ connection restored at localhost:5672; worker is consuming queue=audit.jobs"
[2026-07-12 11:25:28,791] | level=INFO | request_id=- | module=app.services.rabbitmq_service | function=_ensure_connection | line=60 | message="Opening RabbitMQ connection to localhost:5672"
[2026-07-12 11:25:28,795] | level=INFO | request_id=- | module=pika.adapters.utils.connection_workflow | function=start | line=179 | message="Pika version 1.3.2 connecting to ('::1', 5672, 0, 0)"
[2026-07-12 11:25:30,820] | level=ERROR | request_id=- | module=pika.adapters.utils.io_services_utils | function=_on_writable | line=349 | message="Socket failed to connect: <socket.socket fd=2408, family=AddressFamily.AF_INET6, type=SocketKind.SOCK_STREAM, proto=6, laddr=('::', 57119, 0, 0)>; error=10061 (Unknown error)"
[2026-07-12 11:25:30,822] | level=ERROR | request_id=- | module=pika.adapters.utils.connection_workflow | function=_on_tcp_connection_done | line=375 | message="TCP Connection attempt failed: ConnectionRefusedError(10061, 'Unknown error'); dest=(<AddressFamily.AF_INET6: 23>, <SocketKind.SOCK_STREAM: 1>, 6, '', ('::1', 5672, 0, 0))"
[2026-07-12 11:25:30,823] | level=ERROR | request_id=- | module=pika.adapters.utils.connection_workflow | function=_report_completion_and_cleanup | line=291 | message="AMQPConnector - reporting failure: AMQPConnectorSocketConnectError: ConnectionRefusedError(10061, 'Unknown error')"
[2026-07-12 11:25:30,826] | level=INFO | request_id=- | module=pika.adapters.utils.connection_workflow | function=start | line=179 | message="Pika version 1.3.2 connecting to ('127.0.0.1', 5672)"
[2026-07-12 11:25:32,852] | level=ERROR | request_id=- | module=pika.adapters.utils.io_services_utils | function=_on_writable | line=349 | message="Socket failed to connect: <socket.socket fd=2408, family=AddressFamily.AF_INET, type=SocketKind.SOCK_STREAM, proto=6, laddr=('0.0.0.0', 57120)>; error=10061 (Unknown error)"
[2026-07-12 11:25:32,853] | level=ERROR | request_id=- | module=pika.adapters.utils.connection_workflow | function=_on_tcp_connection_done | line=375 | message="TCP Connection attempt failed: ConnectionRefusedError(10061, 'Unknown error'); dest=(<AddressFamily.AF_INET: 2>, <SocketKind.SOCK_STREAM: 1>, 6, '', ('127.0.0.1', 5672))"
[2026-07-12 11:25:32,853] | level=ERROR | request_id=- | module=pika.adapters.utils.connection_workflow | function=_report_completion_and_cleanup | line=291 | message="AMQPConnector - reporting failure: AMQPConnectorSocketConnectError: ConnectionRefusedError(10061, 'Unknown error')"
[2026-07-12 11:25:32,853] | level=ERROR | request_id=- | module=pika.adapters.utils.connection_workflow | function=_start_new_cycle_async | line=746 | message="AMQP connection workflow failed: AMQPConnectionWorkflowFailed: 2 exceptions in all; last exception - AMQPConnectorSocketConnectError: ConnectionRefusedError(10061, 'Unknown error'); first exception - AMQPConnectorSocketConnectError: ConnectionRefusedError(10061, 'Unknown error')."
[2026-07-12 11:25:32,853] | level=ERROR | request_id=- | module=pika.adapters.utils.connection_workflow | function=_report_completion_and_cleanup | line=723 | message="AMQPConnectionWorkflow - reporting failure: AMQPConnectionWorkflowFailed: 2 exceptions in all; last exception - AMQPConnectorSocketConnectError: ConnectionRefusedError(10061, 'Unknown error'); first exception - AMQPConnectorSocketConnectError: ConnectionRefusedError(10061, 'Unknown error')"
[2026-07-12 11:25:32,853] | level=ERROR | request_id=- | module=pika.adapters.blocking_connection | function=_create_connection | line=450 | message="Connection workflow failed: AMQPConnectionWorkflowFailed: 2 exceptions in all; last exception - AMQPConnectorSocketConnectError: ConnectionRefusedError(10061, 'Unknown error'); first exception - AMQPConnectorSocketConnectError: ConnectionRefusedError(10061, 'Unknown error')"
[2026-07-12 11:25:32,861] | level=ERROR | request_id=- | module=pika.adapters.blocking_connection | function=_create_connection | line=457 | message="Error in _create_connection()."
Traceback (most recent call last):
  File "C:\Users\VIJAY\anaconda3\envs\fmcg_123\lib\site-packages\pika\adapters\blocking_connection.py", line 451, in _create_connection
    raise self._reap_last_connection_workflow_error(error)
pika.exceptions.AMQPConnectionError
[2026-07-12 11:25:32,863] | level=WARNING | request_id=- | module=app.workers.worker | function=run_worker | line=153 | message="RabbitMQ unavailable at localhost:5672; retrying worker connection in 5 seconds"
[2026-07-12 11:25:37,876] | level=WARNING | request_id=- | module=app.workers.worker | function=run_worker | line=133 | message="RabbitMQ connection restored at localhost:5672; worker is consuming queue=audit.jobs"
[2026-07-12 11:25:37,878] | level=INFO | request_id=- | module=app.services.rabbitmq_service | function=_ensure_connection | line=60 | message="Opening RabbitMQ connection to localhost:5672"
[2026-07-12 11:25:37,878] | level=INFO | request_id=- | module=pika.adapters.utils.connection_workflow | function=start | line=179 | message="Pika version 1.3.2 connecting to ('::1', 5672, 0, 0)"
[2026-07-12 11:25:39,914] | level=ERROR | request_id=- | module=pika.adapters.utils.io_services_utils | function=_on_writable | line=349 | message="Socket failed to connect: <socket.socket fd=2128, family=AddressFamily.AF_INET6, type=SocketKind.SOCK_STREAM, proto=6, laddr=('::', 57123, 0, 0)>; error=10061 (Unknown error)"
[2026-07-12 11:25:39,914] | level=ERROR | request_id=- | module=pika.adapters.utils.connection_workflow | function=_on_tcp_connection_done | line=375 | message="TCP Connection attempt failed: ConnectionRefusedError(10061, 'Unknown error'); dest=(<AddressFamily.AF_INET6: 23>, <SocketKind.SOCK_STREAM: 1>, 6, '', ('::1', 5672, 0, 0))"
[2026-07-12 11:25:39,917] | level=ERROR | request_id=- | module=pika.adapters.utils.connection_workflow | function=_report_completion_and_cleanup | line=291 | message="AMQPConnector - reporting failure: AMQPConnectorSocketConnectError: ConnectionRefusedError(10061, 'Unknown error')"
[2026-07-12 11:25:39,917] | level=INFO | request_id=- | module=pika.adapters.utils.connection_workflow | function=start | line=179 | message="Pika version 1.3.2 connecting to ('127.0.0.1', 5672)"
[2026-07-12 11:25:41,931] | level=ERROR | request_id=- | module=pika.adapters.utils.io_services_utils | function=_on_writable | line=349 | message="Socket failed to connect: <socket.socket fd=2128, family=AddressFamily.AF_INET, type=SocketKind.SOCK_STREAM, proto=6, laddr=('0.0.0.0', 57124)>; error=10061 (Unknown error)"
[2026-07-12 11:25:41,931] | level=ERROR | request_id=- | module=pika.adapters.utils.connection_workflow | function=_on_tcp_connection_done | line=375 | message="TCP Connection attempt failed: ConnectionRefusedError(10061, 'Unknown error'); dest=(<AddressFamily.AF_INET: 2>, <SocketKind.SOCK_STREAM: 1>, 6, '', ('127.0.0.1', 5672))"
[2026-07-12 11:25:41,931] | level=ERROR | request_id=- | module=pika.adapters.utils.connection_workflow | function=_report_completion_and_cleanup | line=291 | message="AMQPConnector - reporting failure: AMQPConnectorSocketConnectError: ConnectionRefusedError(10061, 'Unknown error')"
[2026-07-12 11:25:41,931] | level=ERROR | request_id=- | module=pika.adapters.utils.connection_workflow | function=_start_new_cycle_async | line=746 | message="AMQP connection workflow failed: AMQPConnectionWorkflowFailed: 2 exceptions in all; last exception - AMQPConnectorSocketConnectError: ConnectionRefusedError(10061, 'Unknown error'); first exception - AMQPConnectorSocketConnectError: ConnectionRefusedError(10061, 'Unknown error')."
[2026-07-12 11:25:41,931] | level=ERROR | request_id=- | module=pika.adapters.utils.connection_workflow | function=_report_completion_and_cleanup | line=723 | message="AMQPConnectionWorkflow - reporting failure: AMQPConnectionWorkflowFailed: 2 exceptions in all; last exception - AMQPConnectorSocketConnectError: ConnectionRefusedError(10061, 'Unknown error'); first exception - AMQPConnectorSocketConnectError: ConnectionRefusedError(10061, 'Unknown error')"
[2026-07-12 11:25:41,931] | level=ERROR | request_id=- | module=pika.adapters.blocking_connection | function=_create_connection | line=450 | message="Connection workflow failed: AMQPConnectionWorkflowFailed: 2 exceptions in all; last exception - AMQPConnectorSocketConnectError: ConnectionRefusedError(10061, 'Unknown error'); first exception - AMQPConnectorSocketConnectError: ConnectionRefusedError(10061, 'Unknown error')"
[2026-07-12 11:25:41,939] | level=ERROR | request_id=- | module=pika.adapters.blocking_connection | function=_create_connection | line=457 | message="Error in _create_connection()."
Traceback (most recent call last):
  File "C:\Users\VIJAY\anaconda3\envs\fmcg_123\lib\site-packages\pika\adapters\blocking_connection.py", line 451, in _create_connection
    raise self._reap_last_connection_workflow_error(error)
pika.exceptions.AMQPConnectionError
[2026-07-12 11:25:41,939] | level=WARNING | request_id=- | module=app.workers.worker | function=run_worker | line=153 | message="RabbitMQ unavailable at localhost:5672; retrying worker connection in 5 seconds"
[2026-07-12 11:25:46,949] | level=WARNING | request_id=- | module=app.workers.worker | function=run_worker | line=133 | message="RabbitMQ connection restored at localhost:5672; worker is consuming queue=audit.jobs"
[2026-07-12 11:25:46,950] | level=INFO | request_id=- | module=app.services.rabbitmq_service | function=_ensure_connection | line=60 | message="Opening RabbitMQ connection to localhost:5672"
[2026-07-12 11:25:46,957] | level=INFO | request_id=- | module=pika.adapters.utils.connection_workflow | function=start | line=179 | message="Pika version 1.3.2 connecting to ('::1', 5672, 0, 0)"
[2026-07-12 11:25:48,981] | level=ERROR | request_id=- | module=pika.adapters.utils.io_services_utils | function=_on_writable | line=349 | message="Socket failed to connect: <socket.socket fd=2140, family=AddressFamily.AF_INET6, type=SocketKind.SOCK_STREAM, proto=6, laddr=('::', 57128, 0, 0)>; error=10061 (Unknown error)"
[2026-07-12 11:25:48,983] | level=ERROR | request_id=- | module=pika.adapters.utils.connection_workflow | function=_on_tcp_connection_done | line=375 | message="TCP Connection attempt failed: ConnectionRefusedError(10061, 'Unknown error'); dest=(<AddressFamily.AF_INET6: 23>, <SocketKind.SOCK_STREAM: 1>, 6, '', ('::1', 5672, 0, 0))"
[2026-07-12 11:25:48,984] | level=ERROR | request_id=- | module=pika.adapters.utils.connection_workflow | function=_report_completion_and_cleanup | line=291 | message="AMQPConnector - reporting failure: AMQPConnectorSocketConnectError: ConnectionRefusedError(10061, 'Unknown error')"
[2026-07-12 11:25:48,986] | level=INFO | request_id=- | module=pika.adapters.utils.connection_workflow | function=start | line=179 | message="Pika version 1.3.2 connecting to ('127.0.0.1', 5672)"
[2026-07-12 11:25:51,014] | level=ERROR | request_id=- | module=pika.adapters.utils.io_services_utils | function=_on_writable | line=349 | message="Socket failed to connect: <socket.socket fd=2140, family=AddressFamily.AF_INET, type=SocketKind.SOCK_STREAM, proto=6, laddr=('0.0.0.0', 57129)>; error=10061 (Unknown error)"
[2026-07-12 11:25:51,014] | level=ERROR | request_id=- | module=pika.adapters.utils.connection_workflow | function=_on_tcp_connection_done | line=375 | message="TCP Connection attempt failed: ConnectionRefusedError(10061, 'Unknown error'); dest=(<AddressFamily.AF_INET: 2>, <SocketKind.SOCK_STREAM: 1>, 6, '', ('127.0.0.1', 5672))"
[2026-07-12 11:25:51,014] | level=ERROR | request_id=- | module=pika.adapters.utils.connection_workflow | function=_report_completion_and_cleanup | line=291 | message="AMQPConnector - reporting failure: AMQPConnectorSocketConnectError: ConnectionRefusedError(10061, 'Unknown error')"
[2026-07-12 11:25:51,014] | level=ERROR | request_id=- | module=pika.adapters.utils.connection_workflow | function=_start_new_cycle_async | line=746 | message="AMQP connection workflow failed: AMQPConnectionWorkflowFailed: 2 exceptions in all; last exception - AMQPConnectorSocketConnectError: ConnectionRefusedError(10061, 'Unknown error'); first exception - AMQPConnectorSocketConnectError: ConnectionRefusedError(10061, 'Unknown error')."
[2026-07-12 11:25:51,014] | level=ERROR | request_id=- | module=pika.adapters.utils.connection_workflow | function=_report_completion_and_cleanup | line=723 | message="AMQPConnectionWorkflow - reporting failure: AMQPConnectionWorkflowFailed: 2 exceptions in all; last exception - AMQPConnectorSocketConnectError: ConnectionRefusedError(10061, 'Unknown error'); first exception - AMQPConnectorSocketConnectError: ConnectionRefusedError(10061, 'Unknown error')"
[2026-07-12 11:25:51,014] | level=ERROR | request_id=- | module=pika.adapters.blocking_connection | function=_create_connection | line=450 | message="Connection workflow failed: AMQPConnectionWorkflowFailed: 2 exceptions in all; last exception - AMQPConnectorSocketConnectError: ConnectionRefusedError(10061, 'Unknown error'); first exception - AMQPConnectorSocketConnectError: ConnectionRefusedError(10061, 'Unknown error')"
[2026-07-12 11:25:51,022] | level=ERROR | request_id=- | module=pika.adapters.blocking_connection | function=_create_connection | line=457 | message="Error in _create_connection()."
Traceback (most recent call last):
  File "C:\Users\VIJAY\anaconda3\envs\fmcg_123\lib\site-packages\pika\adapters\blocking_connection.py", line 451, in _create_connection
    raise self._reap_last_connection_workflow_error(error)
pika.exceptions.AMQPConnectionError
[2026-07-12 11:25:51,022] | level=WARNING | request_id=- | module=app.workers.worker | function=run_worker | line=153 | message="RabbitMQ unavailable at localhost:5672; retrying worker connection in 5 seconds"
[2026-07-12 11:25:56,029] | level=WARNING | request_id=- | module=app.workers.worker | function=run_worker | line=133 | message="RabbitMQ connection restored at localhost:5672; worker is consuming queue=audit.jobs"
[2026-07-12 11:25:56,030] | level=INFO | request_id=- | module=app.services.rabbitmq_service | function=_ensure_connection | line=60 | message="Opening RabbitMQ connection to localhost:5672"
[2026-07-12 11:25:56,039] | level=INFO | request_id=- | module=pika.adapters.utils.connection_workflow | function=start | line=179 | message="Pika version 1.3.2 connecting to ('::1', 5672, 0, 0)"
[2026-07-12 11:25:58,068] | level=ERROR | request_id=- | module=pika.adapters.utils.io_services_utils | function=_on_writable | line=349 | message="Socket failed to connect: <socket.socket fd=2128, family=AddressFamily.AF_INET6, type=SocketKind.SOCK_STREAM, proto=6, laddr=('::', 60998, 0, 0)>; error=10061 (Unknown error)"
[2026-07-12 11:25:58,069] | level=ERROR | request_id=- | module=pika.adapters.utils.connection_workflow | function=_on_tcp_connection_done | line=375 | message="TCP Connection attempt failed: ConnectionRefusedError(10061, 'Unknown error'); dest=(<AddressFamily.AF_INET6: 23>, <SocketKind.SOCK_STREAM: 1>, 6, '', ('::1', 5672, 0, 0))"
[2026-07-12 11:25:58,069] | level=ERROR | request_id=- | module=pika.adapters.utils.connection_workflow | function=_report_completion_and_cleanup | line=291 | message="AMQPConnector - reporting failure: AMQPConnectorSocketConnectError: ConnectionRefusedError(10061, 'Unknown error')"
[2026-07-12 11:25:58,069] | level=INFO | request_id=- | module=pika.adapters.utils.connection_workflow | function=start | line=179 | message="Pika version 1.3.2 connecting to ('127.0.0.1', 5672)"
[2026-07-12 11:26:00,108] | level=ERROR | request_id=- | module=pika.adapters.utils.io_services_utils | function=_on_writable | line=349 | message="Socket failed to connect: <socket.socket fd=2128, family=AddressFamily.AF_INET, type=SocketKind.SOCK_STREAM, proto=6, laddr=('0.0.0.0', 60999)>; error=10061 (Unknown error)"
[2026-07-12 11:26:00,109] | level=ERROR | request_id=- | module=pika.adapters.utils.connection_workflow | function=_on_tcp_connection_done | line=375 | message="TCP Connection attempt failed: ConnectionRefusedError(10061, 'Unknown error'); dest=(<AddressFamily.AF_INET: 2>, <SocketKind.SOCK_STREAM: 1>, 6, '', ('127.0.0.1', 5672))"
[2026-07-12 11:26:00,111] | level=ERROR | request_id=- | module=pika.adapters.utils.connection_workflow | function=_report_completion_and_cleanup | line=291 | message="AMQPConnector - reporting failure: AMQPConnectorSocketConnectError: ConnectionRefusedError(10061, 'Unknown error')"
[2026-07-12 11:26:00,113] | level=ERROR | request_id=- | module=pika.adapters.utils.connection_workflow | function=_start_new_cycle_async | line=746 | message="AMQP connection workflow failed: AMQPConnectionWorkflowFailed: 2 exceptions in all; last exception - AMQPConnectorSocketConnectError: ConnectionRefusedError(10061, 'Unknown error'); first exception - AMQPConnectorSocketConnectError: ConnectionRefusedError(10061, 'Unknown error')."
[2026-07-12 11:26:00,113] | level=ERROR | request_id=- | module=pika.adapters.utils.connection_workflow | function=_report_completion_and_cleanup | line=723 | message="AMQPConnectionWorkflow - reporting failure: AMQPConnectionWorkflowFailed: 2 exceptions in all; last exception - AMQPConnectorSocketConnectError: ConnectionRefusedError(10061, 'Unknown error'); first exception - AMQPConnectorSocketConnectError: ConnectionRefusedError(10061, 'Unknown error')"
[2026-07-12 11:26:00,115] | level=ERROR | request_id=- | module=pika.adapters.blocking_connection | function=_create_connection | line=450 | message="Connection workflow failed: AMQPConnectionWorkflowFailed: 2 exceptions in all; last exception - AMQPConnectorSocketConnectError: ConnectionRefusedError(10061, 'Unknown error'); first exception - AMQPConnectorSocketConnectError: ConnectionRefusedError(10061, 'Unknown error')"
[2026-07-12 11:26:00,117] | level=ERROR | request_id=- | module=pika.adapters.blocking_connection | function=_create_connection | line=457 | message="Error in _create_connection()."
Traceback (most recent call last):
  File "C:\Users\VIJAY\anaconda3\envs\fmcg_123\lib\site-packages\pika\adapters\blocking_connection.py", line 451, in _create_connection
    raise self._reap_last_connection_workflow_error(error)
pika.exceptions.AMQPConnectionError
[2026-07-12 11:26:00,119] | level=WARNING | request_id=- | module=app.workers.worker | function=run_worker | line=153 | message="RabbitMQ unavailable at localhost:5672; retrying worker connection in 5 seconds"
[2026-07-12 11:26:05,126] | level=WARNING | request_id=- | module=app.workers.worker | function=run_worker | line=133 | message="RabbitMQ connection restored at localhost:5672; worker is consuming queue=audit.jobs"
[2026-07-12 11:26:05,126] | level=INFO | request_id=- | module=app.services.rabbitmq_service | function=_ensure_connection | line=60 | message="Opening RabbitMQ connection to localhost:5672"
[2026-07-12 11:26:05,133] | level=INFO | request_id=- | module=pika.adapters.utils.connection_workflow | function=start | line=179 | message="Pika version 1.3.2 connecting to ('::1', 5672, 0, 0)"
[2026-07-12 11:26:07,166] | level=ERROR | request_id=- | module=pika.adapters.utils.io_services_utils | function=_on_writable | line=349 | message="Socket failed to connect: <socket.socket fd=2400, family=AddressFamily.AF_INET6, type=SocketKind.SOCK_STREAM, proto=6, laddr=('::', 61816, 0, 0)>; error=10061 (Unknown error)"
[2026-07-12 11:26:07,168] | level=ERROR | request_id=- | module=pika.adapters.utils.connection_workflow | function=_on_tcp_connection_done | line=375 | message="TCP Connection attempt failed: ConnectionRefusedError(10061, 'Unknown error'); dest=(<AddressFamily.AF_INET6: 23>, <SocketKind.SOCK_STREAM: 1>, 6, '', ('::1', 5672, 0, 0))"
[2026-07-12 11:26:07,170] | level=ERROR | request_id=- | module=pika.adapters.utils.connection_workflow | function=_report_completion_and_cleanup | line=291 | message="AMQPConnector - reporting failure: AMQPConnectorSocketConnectError: ConnectionRefusedError(10061, 'Unknown error')"
[2026-07-12 11:26:07,171] | level=INFO | request_id=- | module=pika.adapters.utils.connection_workflow | function=start | line=179 | message="Pika version 1.3.2 connecting to ('127.0.0.1', 5672)"
[2026-07-12 11:26:09,200] | level=ERROR | request_id=- | module=pika.adapters.utils.io_services_utils | function=_on_writable | line=349 | message="Socket failed to connect: <socket.socket fd=2400, family=AddressFamily.AF_INET, type=SocketKind.SOCK_STREAM, proto=6, laddr=('0.0.0.0', 61817)>; error=10061 (Unknown error)"
[2026-07-12 11:26:09,200] | level=ERROR | request_id=- | module=pika.adapters.utils.connection_workflow | function=_on_tcp_connection_done | line=375 | message="TCP Connection attempt failed: ConnectionRefusedError(10061, 'Unknown error'); dest=(<AddressFamily.AF_INET: 2>, <SocketKind.SOCK_STREAM: 1>, 6, '', ('127.0.0.1', 5672))"
[2026-07-12 11:26:09,203] | level=ERROR | request_id=- | module=pika.adapters.utils.connection_workflow | function=_report_completion_and_cleanup | line=291 | message="AMQPConnector - reporting failure: AMQPConnectorSocketConnectError: ConnectionRefusedError(10061, 'Unknown error')"
[2026-07-12 11:26:09,203] | level=ERROR | request_id=- | module=pika.adapters.utils.connection_workflow | function=_start_new_cycle_async | line=746 | message="AMQP connection workflow failed: AMQPConnectionWorkflowFailed: 2 exceptions in all; last exception - AMQPConnectorSocketConnectError: ConnectionRefusedError(10061, 'Unknown error'); first exception - AMQPConnectorSocketConnectError: ConnectionRefusedError(10061, 'Unknown error')."
[2026-07-12 11:26:09,203] | level=ERROR | request_id=- | module=pika.adapters.utils.connection_workflow | function=_report_completion_and_cleanup | line=723 | message="AMQPConnectionWorkflow - reporting failure: AMQPConnectionWorkflowFailed: 2 exceptions in all; last exception - AMQPConnectorSocketConnectError: ConnectionRefusedError(10061, 'Unknown error'); first exception - AMQPConnectorSocketConnectError: ConnectionRefusedError(10061, 'Unknown error')"
[2026-07-12 11:26:09,207] | level=ERROR | request_id=- | module=pika.adapters.blocking_connection | function=_create_connection | line=450 | message="Connection workflow failed: AMQPConnectionWorkflowFailed: 2 exceptions in all; last exception - AMQPConnectorSocketConnectError: ConnectionRefusedError(10061, 'Unknown error'); first exception - AMQPConnectorSocketConnectError: ConnectionRefusedError(10061, 'Unknown error')"
[2026-07-12 11:26:09,208] | level=ERROR | request_id=- | module=pika.adapters.blocking_connection | function=_create_connection | line=457 | message="Error in _create_connection()."
Traceback (most recent call last):
  File "C:\Users\VIJAY\anaconda3\envs\fmcg_123\lib\site-packages\pika\adapters\blocking_connection.py", line 451, in _create_connection
    raise self._reap_last_connection_workflow_error(error)
pika.exceptions.AMQPConnectionError
[2026-07-12 11:26:09,209] | level=WARNING | request_id=- | module=app.workers.worker | function=run_worker | line=153 | message="RabbitMQ unavailable at localhost:5672; retrying worker connection in 5 seconds"
[2026-07-12 11:26:14,215] | level=WARNING | request_id=- | module=app.workers.worker | function=run_worker | line=133 | message="RabbitMQ connection restored at localhost:5672; worker is consuming queue=audit.jobs"
[2026-07-12 11:26:14,215] | level=INFO | request_id=- | module=app.services.rabbitmq_service | function=_ensure_connection | line=60 | message="Opening RabbitMQ connection to localhost:5672"
[2026-07-12 11:26:14,223] | level=INFO | request_id=- | module=pika.adapters.utils.connection_workflow | function=start | line=179 | message="Pika version 1.3.2 connecting to ('::1', 5672, 0, 0)"
[2026-07-12 11:26:16,240] | level=ERROR | request_id=- | module=pika.adapters.utils.io_services_utils | function=_on_writable | line=349 | message="Socket failed to connect: <socket.socket fd=2096, family=AddressFamily.AF_INET6, type=SocketKind.SOCK_STREAM, proto=6, laddr=('::', 61821, 0, 0)>; error=10061 (Unknown error)"
[2026-07-12 11:26:16,242] | level=ERROR | request_id=- | module=pika.adapters.utils.connection_workflow | function=_on_tcp_connection_done | line=375 | message="TCP Connection attempt failed: ConnectionRefusedError(10061, 'Unknown error'); dest=(<AddressFamily.AF_INET6: 23>, <SocketKind.SOCK_STREAM: 1>, 6, '', ('::1', 5672, 0, 0))"
[2026-07-12 11:26:16,242] | level=ERROR | request_id=- | module=pika.adapters.utils.connection_workflow | function=_report_completion_and_cleanup | line=291 | message="AMQPConnector - reporting failure: AMQPConnectorSocketConnectError: ConnectionRefusedError(10061, 'Unknown error')"
[2026-07-12 11:26:16,244] | level=INFO | request_id=- | module=pika.adapters.utils.connection_workflow | function=start | line=179 | message="Pika version 1.3.2 connecting to ('127.0.0.1', 5672)"
[2026-07-12 11:26:18,288] | level=ERROR | request_id=- | module=pika.adapters.utils.io_services_utils | function=_on_writable | line=349 | message="Socket failed to connect: <socket.socket fd=2096, family=AddressFamily.AF_INET, type=SocketKind.SOCK_STREAM, proto=6, laddr=('0.0.0.0', 61822)>; error=10061 (Unknown error)"
[2026-07-12 11:26:18,289] | level=ERROR | request_id=- | module=pika.adapters.utils.connection_workflow | function=_on_tcp_connection_done | line=375 | message="TCP Connection attempt failed: ConnectionRefusedError(10061, 'Unknown error'); dest=(<AddressFamily.AF_INET: 2>, <SocketKind.SOCK_STREAM: 1>, 6, '', ('127.0.0.1', 5672))"
[2026-07-12 11:26:18,289] | level=ERROR | request_id=- | module=pika.adapters.utils.connection_workflow | function=_report_completion_and_cleanup | line=291 | message="AMQPConnector - reporting failure: AMQPConnectorSocketConnectError: ConnectionRefusedError(10061, 'Unknown error')"
[2026-07-12 11:26:18,293] | level=ERROR | request_id=- | module=pika.adapters.utils.connection_workflow | function=_start_new_cycle_async | line=746 | message="AMQP connection workflow failed: AMQPConnectionWorkflowFailed: 2 exceptions in all; last exception - AMQPConnectorSocketConnectError: ConnectionRefusedError(10061, 'Unknown error'); first exception - AMQPConnectorSocketConnectError: ConnectionRefusedError(10061, 'Unknown error')."
[2026-07-12 11:26:18,293] | level=ERROR | request_id=- | module=pika.adapters.utils.connection_workflow | function=_report_completion_and_cleanup | line=723 | message="AMQPConnectionWorkflow - reporting failure: AMQPConnectionWorkflowFailed: 2 exceptions in all; last exception - AMQPConnectorSocketConnectError: ConnectionRefusedError(10061, 'Unknown error'); first exception - AMQPConnectorSocketConnectError: ConnectionRefusedError(10061, 'Unknown error')"
[2026-07-12 11:26:18,293] | level=ERROR | request_id=- | module=pika.adapters.blocking_connection | function=_create_connection | line=450 | message="Connection workflow failed: AMQPConnectionWorkflowFailed: 2 exceptions in all; last exception - AMQPConnectorSocketConnectError: ConnectionRefusedError(10061, 'Unknown error'); first exception - AMQPConnectorSocketConnectError: ConnectionRefusedError(10061, 'Unknown error')"
[2026-07-12 11:26:18,296] | level=ERROR | request_id=- | module=pika.adapters.blocking_connection | function=_create_connection | line=457 | message="Error in _create_connection()."
Traceback (most recent call last):
  File "C:\Users\VIJAY\anaconda3\envs\fmcg_123\lib\site-packages\pika\adapters\blocking_connection.py", line 451, in _create_connection
    raise self._reap_last_connection_workflow_error(error)
pika.exceptions.AMQPConnectionError
[2026-07-12 11:26:18,298] | level=WARNING | request_id=- | module=app.workers.worker | function=run_worker | line=153 | message="RabbitMQ unavailable at localhost:5672; retrying worker connection in 5 seconds"
[2026-07-12 11:26:23,311] | level=WARNING | request_id=- | module=app.workers.worker | function=run_worker | line=133 | message="RabbitMQ connection restored at localhost:5672; worker is consuming queue=audit.jobs"
[2026-07-12 11:26:23,311] | level=INFO | request_id=- | module=app.services.rabbitmq_service | function=_ensure_connection | line=60 | message="Opening RabbitMQ connection to localhost:5672"
[2026-07-12 11:26:23,320] | level=INFO | request_id=- | module=pika.adapters.utils.connection_workflow | function=start | line=179 | message="Pika version 1.3.2 connecting to ('::1', 5672, 0, 0)"
[2026-07-12 11:26:25,350] | level=ERROR | request_id=- | module=pika.adapters.utils.io_services_utils | function=_on_writable | line=349 | message="Socket failed to connect: <socket.socket fd=2336, family=AddressFamily.AF_INET6, type=SocketKind.SOCK_STREAM, proto=6, laddr=('::', 61826, 0, 0)>; error=10061 (Unknown error)"
[2026-07-12 11:26:25,350] | level=ERROR | request_id=- | module=pika.adapters.utils.connection_workflow | function=_on_tcp_connection_done | line=375 | message="TCP Connection attempt failed: ConnectionRefusedError(10061, 'Unknown error'); dest=(<AddressFamily.AF_INET6: 23>, <SocketKind.SOCK_STREAM: 1>, 6, '', ('::1', 5672, 0, 0))"
[2026-07-12 11:26:25,352] | level=ERROR | request_id=- | module=pika.adapters.utils.connection_workflow | function=_report_completion_and_cleanup | line=291 | message="AMQPConnector - reporting failure: AMQPConnectorSocketConnectError: ConnectionRefusedError(10061, 'Unknown error')"
[2026-07-12 11:26:25,352] | level=INFO | request_id=- | module=pika.adapters.utils.connection_workflow | function=start | line=179 | message="Pika version 1.3.2 connecting to ('127.0.0.1', 5672)"
[2026-07-12 11:26:27,392] | level=ERROR | request_id=- | module=pika.adapters.utils.io_services_utils | function=_on_writable | line=349 | message="Socket failed to connect: <socket.socket fd=2336, family=AddressFamily.AF_INET, type=SocketKind.SOCK_STREAM, proto=6, laddr=('0.0.0.0', 61827)>; error=10061 (Unknown error)"
[2026-07-12 11:26:27,393] | level=ERROR | request_id=- | module=pika.adapters.utils.connection_workflow | function=_on_tcp_connection_done | line=375 | message="TCP Connection attempt failed: ConnectionRefusedError(10061, 'Unknown error'); dest=(<AddressFamily.AF_INET: 2>, <SocketKind.SOCK_STREAM: 1>, 6, '', ('127.0.0.1', 5672))"
[2026-07-12 11:26:27,394] | level=ERROR | request_id=- | module=pika.adapters.utils.connection_workflow | function=_report_completion_and_cleanup | line=291 | message="AMQPConnector - reporting failure: AMQPConnectorSocketConnectError: ConnectionRefusedError(10061, 'Unknown error')"
[2026-07-12 11:26:27,396] | level=ERROR | request_id=- | module=pika.adapters.utils.connection_workflow | function=_start_new_cycle_async | line=746 | message="AMQP connection workflow failed: AMQPConnectionWorkflowFailed: 2 exceptions in all; last exception - AMQPConnectorSocketConnectError: ConnectionRefusedError(10061, 'Unknown error'); first exception - AMQPConnectorSocketConnectError: ConnectionRefusedError(10061, 'Unknown error')."
[2026-07-12 11:26:27,396] | level=ERROR | request_id=- | module=pika.adapters.utils.connection_workflow | function=_report_completion_and_cleanup | line=723 | message="AMQPConnectionWorkflow - reporting failure: AMQPConnectionWorkflowFailed: 2 exceptions in all; last exception - AMQPConnectorSocketConnectError: ConnectionRefusedError(10061, 'Unknown error'); first exception - AMQPConnectorSocketConnectError: ConnectionRefusedError(10061, 'Unknown error')"
[2026-07-12 11:26:27,396] | level=ERROR | request_id=- | module=pika.adapters.blocking_connection | function=_create_connection | line=450 | message="Connection workflow failed: AMQPConnectionWorkflowFailed: 2 exceptions in all; last exception - AMQPConnectorSocketConnectError: ConnectionRefusedError(10061, 'Unknown error'); first exception - AMQPConnectorSocketConnectError: ConnectionRefusedError(10061, 'Unknown error')"
[2026-07-12 11:26:27,396] | level=ERROR | request_id=- | module=pika.adapters.blocking_connection | function=_create_connection | line=457 | message="Error in _create_connection()."
Traceback (most recent call last):
  File "C:\Users\VIJAY\anaconda3\envs\fmcg_123\lib\site-packages\pika\adapters\blocking_connection.py", line 451, in _create_connection
    raise self._reap_last_connection_workflow_error(error)
pika.exceptions.AMQPConnectionError
[2026-07-12 11:26:27,396] | level=WARNING | request_id=- | module=app.workers.worker | function=run_worker | line=153 | message="RabbitMQ unavailable at localhost:5672; retrying worker connection in 5 seconds"
[2026-07-12 11:26:32,416] | level=WARNING | request_id=- | module=app.workers.worker | function=run_worker | line=133 | message="RabbitMQ connection restored at localhost:5672; worker is consuming queue=audit.jobs"
[2026-07-12 11:26:32,416] | level=INFO | request_id=- | module=app.services.rabbitmq_service | function=_ensure_connection | line=60 | message="Opening RabbitMQ connection to localhost:5672"
[2026-07-12 11:26:32,424] | level=INFO | request_id=- | module=pika.adapters.utils.connection_workflow | function=start | line=179 | message="Pika version 1.3.2 connecting to ('::1', 5672, 0, 0)"
[2026-07-12 11:26:34,446] | level=ERROR | request_id=- | module=pika.adapters.utils.io_services_utils | function=_on_writable | line=349 | message="Socket failed to connect: <socket.socket fd=1388, family=AddressFamily.AF_INET6, type=SocketKind.SOCK_STREAM, proto=6, laddr=('::', 61830, 0, 0)>; error=10061 (Unknown error)"
[2026-07-12 11:26:34,449] | level=ERROR | request_id=- | module=pika.adapters.utils.connection_workflow | function=_on_tcp_connection_done | line=375 | message="TCP Connection attempt failed: ConnectionRefusedError(10061, 'Unknown error'); dest=(<AddressFamily.AF_INET6: 23>, <SocketKind.SOCK_STREAM: 1>, 6, '', ('::1', 5672, 0, 0))"
[2026-07-12 11:26:34,450] | level=ERROR | request_id=- | module=pika.adapters.utils.connection_workflow | function=_report_completion_and_cleanup | line=291 | message="AMQPConnector - reporting failure: AMQPConnectorSocketConnectError: ConnectionRefusedError(10061, 'Unknown error')"
[2026-07-12 11:26:34,450] | level=INFO | request_id=- | module=pika.adapters.utils.connection_workflow | function=start | line=179 | message="Pika version 1.3.2 connecting to ('127.0.0.1', 5672)"
[2026-07-12 11:26:36,480] | level=ERROR | request_id=- | module=pika.adapters.utils.io_services_utils | function=_on_writable | line=349 | message="Socket failed to connect: <socket.socket fd=1388, family=AddressFamily.AF_INET, type=SocketKind.SOCK_STREAM, proto=6, laddr=('0.0.0.0', 61832)>; error=10061 (Unknown error)"
[2026-07-12 11:26:36,480] | level=ERROR | request_id=- | module=pika.adapters.utils.connection_workflow | function=_on_tcp_connection_done | line=375 | message="TCP Connection attempt failed: ConnectionRefusedError(10061, 'Unknown error'); dest=(<AddressFamily.AF_INET: 2>, <SocketKind.SOCK_STREAM: 1>, 6, '', ('127.0.0.1', 5672))"
[2026-07-12 11:26:36,480] | level=ERROR | request_id=- | module=pika.adapters.utils.connection_workflow | function=_report_completion_and_cleanup | line=291 | message="AMQPConnector - reporting failure: AMQPConnectorSocketConnectError: ConnectionRefusedError(10061, 'Unknown error')"
[2026-07-12 11:26:36,480] | level=ERROR | request_id=- | module=pika.adapters.utils.connection_workflow | function=_start_new_cycle_async | line=746 | message="AMQP connection workflow failed: AMQPConnectionWorkflowFailed: 2 exceptions in all; last exception - AMQPConnectorSocketConnectError: ConnectionRefusedError(10061, 'Unknown error'); first exception - AMQPConnectorSocketConnectError: ConnectionRefusedError(10061, 'Unknown error')."
[2026-07-12 11:26:36,488] | level=ERROR | request_id=- | module=pika.adapters.utils.connection_workflow | function=_report_completion_and_cleanup | line=723 | message="AMQPConnectionWorkflow - reporting failure: AMQPConnectionWorkflowFailed: 2 exceptions in all; last exception - AMQPConnectorSocketConnectError: ConnectionRefusedError(10061, 'Unknown error'); first exception - AMQPConnectorSocketConnectError: ConnectionRefusedError(10061, 'Unknown error')"
[2026-07-12 11:26:36,489] | level=ERROR | request_id=- | module=pika.adapters.blocking_connection | function=_create_connection | line=450 | message="Connection workflow failed: AMQPConnectionWorkflowFailed: 2 exceptions in all; last exception - AMQPConnectorSocketConnectError: ConnectionRefusedError(10061, 'Unknown error'); first exception - AMQPConnectorSocketConnectError: ConnectionRefusedError(10061, 'Unknown error')"
[2026-07-12 11:26:36,489] | level=ERROR | request_id=- | module=pika.adapters.blocking_connection | function=_create_connection | line=457 | message="Error in _create_connection()."
Traceback (most recent call last):
  File "C:\Users\VIJAY\anaconda3\envs\fmcg_123\lib\site-packages\pika\adapters\blocking_connection.py", line 451, in _create_connection
    raise self._reap_last_connection_workflow_error(error)
pika.exceptions.AMQPConnectionError
[2026-07-12 11:26:36,489] | level=WARNING | request_id=- | module=app.workers.worker | function=run_worker | line=153 | message="RabbitMQ unavailable at localhost:5672; retrying worker connection in 5 seconds"
[2026-07-12 11:26:41,504] | level=WARNING | request_id=- | module=app.workers.worker | function=run_worker | line=133 | message="RabbitMQ connection restored at localhost:5672; worker is consuming queue=audit.jobs"
[2026-07-12 11:26:41,504] | level=INFO | request_id=- | module=app.services.rabbitmq_service | function=_ensure_connection | line=60 | message="Opening RabbitMQ connection to localhost:5672"
[2026-07-12 11:26:41,508] | level=INFO | request_id=- | module=pika.adapters.utils.connection_workflow | function=start | line=179 | message="Pika version 1.3.2 connecting to ('::1', 5672, 0, 0)"
[2026-07-12 11:26:43,536] | level=ERROR | request_id=- | module=pika.adapters.utils.io_services_utils | function=_on_writable | line=349 | message="Socket failed to connect: <socket.socket fd=2408, family=AddressFamily.AF_INET6, type=SocketKind.SOCK_STREAM, proto=6, laddr=('::', 61835, 0, 0)>; error=10061 (Unknown error)"
[2026-07-12 11:26:43,536] | level=ERROR | request_id=- | module=pika.adapters.utils.connection_workflow | function=_on_tcp_connection_done | line=375 | message="TCP Connection attempt failed: ConnectionRefusedError(10061, 'Unknown error'); dest=(<AddressFamily.AF_INET6: 23>, <SocketKind.SOCK_STREAM: 1>, 6, '', ('::1', 5672, 0, 0))"
[2026-07-12 11:26:43,536] | level=ERROR | request_id=- | module=pika.adapters.utils.connection_workflow | function=_report_completion_and_cleanup | line=291 | message="AMQPConnector - reporting failure: AMQPConnectorSocketConnectError: ConnectionRefusedError(10061, 'Unknown error')"
[2026-07-12 11:26:43,539] | level=INFO | request_id=- | module=pika.adapters.utils.connection_workflow | function=start | line=179 | message="Pika version 1.3.2 connecting to ('127.0.0.1', 5672)"
[2026-07-12 11:26:45,572] | level=ERROR | request_id=- | module=pika.adapters.utils.io_services_utils | function=_on_writable | line=349 | message="Socket failed to connect: <socket.socket fd=1916, family=AddressFamily.AF_INET, type=SocketKind.SOCK_STREAM, proto=6, laddr=('0.0.0.0', 61836)>; error=10061 (Unknown error)"
[2026-07-12 11:26:45,572] | level=ERROR | request_id=- | module=pika.adapters.utils.connection_workflow | function=_on_tcp_connection_done | line=375 | message="TCP Connection attempt failed: ConnectionRefusedError(10061, 'Unknown error'); dest=(<AddressFamily.AF_INET: 2>, <SocketKind.SOCK_STREAM: 1>, 6, '', ('127.0.0.1', 5672))"
[2026-07-12 11:26:45,572] | level=ERROR | request_id=- | module=pika.adapters.utils.connection_workflow | function=_report_completion_and_cleanup | line=291 | message="AMQPConnector - reporting failure: AMQPConnectorSocketConnectError: ConnectionRefusedError(10061, 'Unknown error')"
[2026-07-12 11:26:45,572] | level=ERROR | request_id=- | module=pika.adapters.utils.connection_workflow | function=_start_new_cycle_async | line=746 | message="AMQP connection workflow failed: AMQPConnectionWorkflowFailed: 2 exceptions in all; last exception - AMQPConnectorSocketConnectError: ConnectionRefusedError(10061, 'Unknown error'); first exception - AMQPConnectorSocketConnectError: ConnectionRefusedError(10061, 'Unknown error')."
[2026-07-12 11:26:45,572] | level=ERROR | request_id=- | module=pika.adapters.utils.connection_workflow | function=_report_completion_and_cleanup | line=723 | message="AMQPConnectionWorkflow - reporting failure: AMQPConnectionWorkflowFailed: 2 exceptions in all; last exception - AMQPConnectorSocketConnectError: ConnectionRefusedError(10061, 'Unknown error'); first exception - AMQPConnectorSocketConnectError: ConnectionRefusedError(10061, 'Unknown error')"
[2026-07-12 11:26:45,572] | level=ERROR | request_id=- | module=pika.adapters.blocking_connection | function=_create_connection | line=450 | message="Connection workflow failed: AMQPConnectionWorkflowFailed: 2 exceptions in all; last exception - AMQPConnectorSocketConnectError: ConnectionRefusedError(10061, 'Unknown error'); first exception - AMQPConnectorSocketConnectError: ConnectionRefusedError(10061, 'Unknown error')"
[2026-07-12 11:26:45,572] | level=ERROR | request_id=- | module=pika.adapters.blocking_connection | function=_create_connection | line=457 | message="Error in _create_connection()."
Traceback (most recent call last):
  File "C:\Users\VIJAY\anaconda3\envs\fmcg_123\lib\site-packages\pika\adapters\blocking_connection.py", line 451, in _create_connection
    raise self._reap_last_connection_workflow_error(error)
pika.exceptions.AMQPConnectionError
[2026-07-12 11:26:45,580] | level=WARNING | request_id=- | module=app.workers.worker | function=run_worker | line=153 | message="RabbitMQ unavailable at localhost:5672; retrying worker connection in 5 seconds"
[2026-07-12 11:26:50,586] | level=WARNING | request_id=- | module=app.workers.worker | function=run_worker | line=133 | message="RabbitMQ connection restored at localhost:5672; worker is consuming queue=audit.jobs"
[2026-07-12 11:26:50,586] | level=INFO | request_id=- | module=app.services.rabbitmq_service | function=_ensure_connection | line=60 | message="Opening RabbitMQ connection to localhost:5672"
[2026-07-12 11:26:50,591] | level=INFO | request_id=- | module=pika.adapters.utils.connection_workflow | function=start | line=179 | message="Pika version 1.3.2 connecting to ('::1', 5672, 0, 0)"
[2026-07-12 11:26:52,622] | level=ERROR | request_id=- | module=pika.adapters.utils.io_services_utils | function=_on_writable | line=349 | message="Socket failed to connect: <socket.socket fd=2072, family=AddressFamily.AF_INET6, type=SocketKind.SOCK_STREAM, proto=6, laddr=('::', 57193, 0, 0)>; error=10061 (Unknown error)"
[2026-07-12 11:26:52,622] | level=ERROR | request_id=- | module=pika.adapters.utils.connection_workflow | function=_on_tcp_connection_done | line=375 | message="TCP Connection attempt failed: ConnectionRefusedError(10061, 'Unknown error'); dest=(<AddressFamily.AF_INET6: 23>, <SocketKind.SOCK_STREAM: 1>, 6, '', ('::1', 5672, 0, 0))"
[2026-07-12 11:26:52,624] | level=ERROR | request_id=- | module=pika.adapters.utils.connection_workflow | function=_report_completion_and_cleanup | line=291 | message="AMQPConnector - reporting failure: AMQPConnectorSocketConnectError: ConnectionRefusedError(10061, 'Unknown error')"
[2026-07-12 11:26:52,626] | level=INFO | request_id=- | module=pika.adapters.utils.connection_workflow | function=start | line=179 | message="Pika version 1.3.2 connecting to ('127.0.0.1', 5672)"
[2026-07-12 11:26:54,652] | level=ERROR | request_id=- | module=pika.adapters.utils.io_services_utils | function=_on_writable | line=349 | message="Socket failed to connect: <socket.socket fd=2072, family=AddressFamily.AF_INET, type=SocketKind.SOCK_STREAM, proto=6, laddr=('0.0.0.0', 57194)>; error=10061 (Unknown error)"
[2026-07-12 11:26:54,652] | level=ERROR | request_id=- | module=pika.adapters.utils.connection_workflow | function=_on_tcp_connection_done | line=375 | message="TCP Connection attempt failed: ConnectionRefusedError(10061, 'Unknown error'); dest=(<AddressFamily.AF_INET: 2>, <SocketKind.SOCK_STREAM: 1>, 6, '', ('127.0.0.1', 5672))"
[2026-07-12 11:26:54,652] | level=ERROR | request_id=- | module=pika.adapters.utils.connection_workflow | function=_report_completion_and_cleanup | line=291 | message="AMQPConnector - reporting failure: AMQPConnectorSocketConnectError: ConnectionRefusedError(10061, 'Unknown error')"
[2026-07-12 11:26:54,652] | level=ERROR | request_id=- | module=pika.adapters.utils.connection_workflow | function=_start_new_cycle_async | line=746 | message="AMQP connection workflow failed: AMQPConnectionWorkflowFailed: 2 exceptions in all; last exception - AMQPConnectorSocketConnectError: ConnectionRefusedError(10061, 'Unknown error'); first exception - AMQPConnectorSocketConnectError: ConnectionRefusedError(10061, 'Unknown error')."
[2026-07-12 11:26:54,652] | level=ERROR | request_id=- | module=pika.adapters.utils.connection_workflow | function=_report_completion_and_cleanup | line=723 | message="AMQPConnectionWorkflow - reporting failure: AMQPConnectionWorkflowFailed: 2 exceptions in all; last exception - AMQPConnectorSocketConnectError: ConnectionRefusedError(10061, 'Unknown error'); first exception - AMQPConnectorSocketConnectError: ConnectionRefusedError(10061, 'Unknown error')"
[2026-07-12 11:26:54,652] | level=ERROR | request_id=- | module=pika.adapters.blocking_connection | function=_create_connection | line=450 | message="Connection workflow failed: AMQPConnectionWorkflowFailed: 2 exceptions in all; last exception - AMQPConnectorSocketConnectError: ConnectionRefusedError(10061, 'Unknown error'); first exception - AMQPConnectorSocketConnectError: ConnectionRefusedError(10061, 'Unknown error')"
[2026-07-12 11:26:54,652] | level=ERROR | request_id=- | module=pika.adapters.blocking_connection | function=_create_connection | line=457 | message="Error in _create_connection()."
Traceback (most recent call last):
  File "C:\Users\VIJAY\anaconda3\envs\fmcg_123\lib\site-packages\pika\adapters\blocking_connection.py", line 451, in _create_connection
    raise self._reap_last_connection_workflow_error(error)
pika.exceptions.AMQPConnectionError
[2026-07-12 11:26:54,661] | level=WARNING | request_id=- | module=app.workers.worker | function=run_worker | line=153 | message="RabbitMQ unavailable at localhost:5672; retrying worker connection in 5 seconds"
[2026-07-12 11:26:59,667] | level=WARNING | request_id=- | module=app.workers.worker | function=run_worker | line=133 | message="RabbitMQ connection restored at localhost:5672; worker is consuming queue=audit.jobs"
[2026-07-12 11:26:59,667] | level=INFO | request_id=- | module=app.services.rabbitmq_service | function=_ensure_connection | line=60 | message="Opening RabbitMQ connection to localhost:5672"
[2026-07-12 11:26:59,674] | level=INFO | request_id=- | module=pika.adapters.utils.connection_workflow | function=start | line=179 | message="Pika version 1.3.2 connecting to ('::1', 5672, 0, 0)"
[2026-07-12 11:27:01,710] | level=ERROR | request_id=- | module=pika.adapters.utils.io_services_utils | function=_on_writable | line=349 | message="Socket failed to connect: <socket.socket fd=2376, family=AddressFamily.AF_INET6, type=SocketKind.SOCK_STREAM, proto=6, laddr=('::', 57197, 0, 0)>; error=10061 (Unknown error)"
[2026-07-12 11:27:01,710] | level=ERROR | request_id=- | module=pika.adapters.utils.connection_workflow | function=_on_tcp_connection_done | line=375 | message="TCP Connection attempt failed: ConnectionRefusedError(10061, 'Unknown error'); dest=(<AddressFamily.AF_INET6: 23>, <SocketKind.SOCK_STREAM: 1>, 6, '', ('::1', 5672, 0, 0))"
[2026-07-12 11:27:01,710] | level=ERROR | request_id=- | module=pika.adapters.utils.connection_workflow | function=_report_completion_and_cleanup | line=291 | message="AMQPConnector - reporting failure: AMQPConnectorSocketConnectError: ConnectionRefusedError(10061, 'Unknown error')"
[2026-07-12 11:27:01,710] | level=INFO | request_id=- | module=pika.adapters.utils.connection_workflow | function=start | line=179 | message="Pika version 1.3.2 connecting to ('127.0.0.1', 5672)"
[2026-07-12 11:27:03,744] | level=ERROR | request_id=- | module=pika.adapters.utils.io_services_utils | function=_on_writable | line=349 | message="Socket failed to connect: <socket.socket fd=2376, family=AddressFamily.AF_INET, type=SocketKind.SOCK_STREAM, proto=6, laddr=('0.0.0.0', 57198)>; error=10061 (Unknown error)"
[2026-07-12 11:27:03,746] | level=ERROR | request_id=- | module=pika.adapters.utils.connection_workflow | function=_on_tcp_connection_done | line=375 | message="TCP Connection attempt failed: ConnectionRefusedError(10061, 'Unknown error'); dest=(<AddressFamily.AF_INET: 2>, <SocketKind.SOCK_STREAM: 1>, 6, '', ('127.0.0.1', 5672))"
[2026-07-12 11:27:03,746] | level=ERROR | request_id=- | module=pika.adapters.utils.connection_workflow | function=_report_completion_and_cleanup | line=291 | message="AMQPConnector - reporting failure: AMQPConnectorSocketConnectError: ConnectionRefusedError(10061, 'Unknown error')"
[2026-07-12 11:27:03,746] | level=ERROR | request_id=- | module=pika.adapters.utils.connection_workflow | function=_start_new_cycle_async | line=746 | message="AMQP connection workflow failed: AMQPConnectionWorkflowFailed: 2 exceptions in all; last exception - AMQPConnectorSocketConnectError: ConnectionRefusedError(10061, 'Unknown error'); first exception - AMQPConnectorSocketConnectError: ConnectionRefusedError(10061, 'Unknown error')."
[2026-07-12 11:27:03,753] | level=ERROR | request_id=- | module=pika.adapters.utils.connection_workflow | function=_report_completion_and_cleanup | line=723 | message="AMQPConnectionWorkflow - reporting failure: AMQPConnectionWorkflowFailed: 2 exceptions in all; last exception - AMQPConnectorSocketConnectError: ConnectionRefusedError(10061, 'Unknown error'); first exception - AMQPConnectorSocketConnectError: ConnectionRefusedError(10061, 'Unknown error')"
[2026-07-12 11:27:03,753] | level=ERROR | request_id=- | module=pika.adapters.blocking_connection | function=_create_connection | line=450 | message="Connection workflow failed: AMQPConnectionWorkflowFailed: 2 exceptions in all; last exception - AMQPConnectorSocketConnectError: ConnectionRefusedError(10061, 'Unknown error'); first exception - AMQPConnectorSocketConnectError: ConnectionRefusedError(10061, 'Unknown error')"
[2026-07-12 11:27:03,753] | level=ERROR | request_id=- | module=pika.adapters.blocking_connection | function=_create_connection | line=457 | message="Error in _create_connection()."
Traceback (most recent call last):
  File "C:\Users\VIJAY\anaconda3\envs\fmcg_123\lib\site-packages\pika\adapters\blocking_connection.py", line 451, in _create_connection
    raise self._reap_last_connection_workflow_error(error)
pika.exceptions.AMQPConnectionError
[2026-07-12 11:27:03,753] | level=WARNING | request_id=- | module=app.workers.worker | function=run_worker | line=153 | message="RabbitMQ unavailable at localhost:5672; retrying worker connection in 5 seconds"
[2026-07-12 11:27:08,771] | level=WARNING | request_id=- | module=app.workers.worker | function=run_worker | line=133 | message="RabbitMQ connection restored at localhost:5672; worker is consuming queue=audit.jobs"
[2026-07-12 11:27:08,771] | level=INFO | request_id=- | module=app.services.rabbitmq_service | function=_ensure_connection | line=60 | message="Opening RabbitMQ connection to localhost:5672"
[2026-07-12 11:27:08,771] | level=INFO | request_id=- | module=pika.adapters.utils.connection_workflow | function=start | line=179 | message="Pika version 1.3.2 connecting to ('::1', 5672, 0, 0)"
[2026-07-12 11:27:10,818] | level=ERROR | request_id=- | module=pika.adapters.utils.io_services_utils | function=_on_writable | line=349 | message="Socket failed to connect: <socket.socket fd=2004, family=AddressFamily.AF_INET6, type=SocketKind.SOCK_STREAM, proto=6, laddr=('::', 63744, 0, 0)>; error=10061 (Unknown error)"
[2026-07-12 11:27:10,818] | level=ERROR | request_id=- | module=pika.adapters.utils.connection_workflow | function=_on_tcp_connection_done | line=375 | message="TCP Connection attempt failed: ConnectionRefusedError(10061, 'Unknown error'); dest=(<AddressFamily.AF_INET6: 23>, <SocketKind.SOCK_STREAM: 1>, 6, '', ('::1', 5672, 0, 0))"
[2026-07-12 11:27:10,821] | level=ERROR | request_id=- | module=pika.adapters.utils.connection_workflow | function=_report_completion_and_cleanup | line=291 | message="AMQPConnector - reporting failure: AMQPConnectorSocketConnectError: ConnectionRefusedError(10061, 'Unknown error')"
[2026-07-12 11:27:10,822] | level=INFO | request_id=- | module=pika.adapters.utils.connection_workflow | function=start | line=179 | message="Pika version 1.3.2 connecting to ('127.0.0.1', 5672)"
[2026-07-12 11:27:12,860] | level=ERROR | request_id=- | module=pika.adapters.utils.io_services_utils | function=_on_writable | line=349 | message="Socket failed to connect: <socket.socket fd=2004, family=AddressFamily.AF_INET, type=SocketKind.SOCK_STREAM, proto=6, laddr=('0.0.0.0', 63745)>; error=10061 (Unknown error)"
[2026-07-12 11:27:12,862] | level=ERROR | request_id=- | module=pika.adapters.utils.connection_workflow | function=_on_tcp_connection_done | line=375 | message="TCP Connection attempt failed: ConnectionRefusedError(10061, 'Unknown error'); dest=(<AddressFamily.AF_INET: 2>, <SocketKind.SOCK_STREAM: 1>, 6, '', ('127.0.0.1', 5672))"
[2026-07-12 11:27:12,862] | level=ERROR | request_id=- | module=pika.adapters.utils.connection_workflow | function=_report_completion_and_cleanup | line=291 | message="AMQPConnector - reporting failure: AMQPConnectorSocketConnectError: ConnectionRefusedError(10061, 'Unknown error')"
[2026-07-12 11:27:12,862] | level=ERROR | request_id=- | module=pika.adapters.utils.connection_workflow | function=_start_new_cycle_async | line=746 | message="AMQP connection workflow failed: AMQPConnectionWorkflowFailed: 2 exceptions in all; last exception - AMQPConnectorSocketConnectError: ConnectionRefusedError(10061, 'Unknown error'); first exception - AMQPConnectorSocketConnectError: ConnectionRefusedError(10061, 'Unknown error')."
[2026-07-12 11:27:12,866] | level=ERROR | request_id=- | module=pika.adapters.utils.connection_workflow | function=_report_completion_and_cleanup | line=723 | message="AMQPConnectionWorkflow - reporting failure: AMQPConnectionWorkflowFailed: 2 exceptions in all; last exception - AMQPConnectorSocketConnectError: ConnectionRefusedError(10061, 'Unknown error'); first exception - AMQPConnectorSocketConnectError: ConnectionRefusedError(10061, 'Unknown error')"
[2026-07-12 11:27:12,866] | level=ERROR | request_id=- | module=pika.adapters.blocking_connection | function=_create_connection | line=450 | message="Connection workflow failed: AMQPConnectionWorkflowFailed: 2 exceptions in all; last exception - AMQPConnectorSocketConnectError: ConnectionRefusedError(10061, 'Unknown error'); first exception - AMQPConnectorSocketConnectError: ConnectionRefusedError(10061, 'Unknown error')"
[2026-07-12 11:27:12,868] | level=ERROR | request_id=- | module=pika.adapters.blocking_connection | function=_create_connection | line=457 | message="Error in _create_connection()."
Traceback (most recent call last):
  File "C:\Users\VIJAY\anaconda3\envs\fmcg_123\lib\site-packages\pika\adapters\blocking_connection.py", line 451, in _create_connection
    raise self._reap_last_connection_workflow_error(error)
pika.exceptions.AMQPConnectionError
[2026-07-12 11:27:12,869] | level=WARNING | request_id=- | module=app.workers.worker | function=run_worker | line=153 | message="RabbitMQ unavailable at localhost:5672; retrying worker connection in 5 seconds"
[2026-07-12 11:27:17,877] | level=WARNING | request_id=- | module=app.workers.worker | function=run_worker | line=133 | message="RabbitMQ connection restored at localhost:5672; worker is consuming queue=audit.jobs"
[2026-07-12 11:27:17,879] | level=INFO | request_id=- | module=app.services.rabbitmq_service | function=_ensure_connection | line=60 | message="Opening RabbitMQ connection to localhost:5672"
[2026-07-12 11:27:17,886] | level=INFO | request_id=- | module=pika.adapters.utils.connection_workflow | function=start | line=179 | message="Pika version 1.3.2 connecting to ('::1', 5672, 0, 0)"
[2026-07-12 11:27:19,910] | level=ERROR | request_id=- | module=pika.adapters.utils.io_services_utils | function=_on_writable | line=349 | message="Socket failed to connect: <socket.socket fd=2112, family=AddressFamily.AF_INET6, type=SocketKind.SOCK_STREAM, proto=6, laddr=('::', 63748, 0, 0)>; error=10061 (Unknown error)"
[2026-07-12 11:27:19,912] | level=ERROR | request_id=- | module=pika.adapters.utils.connection_workflow | function=_on_tcp_connection_done | line=375 | message="TCP Connection attempt failed: ConnectionRefusedError(10061, 'Unknown error'); dest=(<AddressFamily.AF_INET6: 23>, <SocketKind.SOCK_STREAM: 1>, 6, '', ('::1', 5672, 0, 0))"
[2026-07-12 11:27:19,912] | level=ERROR | request_id=- | module=pika.adapters.utils.connection_workflow | function=_report_completion_and_cleanup | line=291 | message="AMQPConnector - reporting failure: AMQPConnectorSocketConnectError: ConnectionRefusedError(10061, 'Unknown error')"
[2026-07-12 11:27:19,915] | level=INFO | request_id=- | module=pika.adapters.utils.connection_workflow | function=start | line=179 | message="Pika version 1.3.2 connecting to ('127.0.0.1', 5672)"
[2026-07-12 11:27:21,931] | level=ERROR | request_id=- | module=pika.adapters.utils.io_services_utils | function=_on_writable | line=349 | message="Socket failed to connect: <socket.socket fd=2112, family=AddressFamily.AF_INET, type=SocketKind.SOCK_STREAM, proto=6, laddr=('0.0.0.0', 63749)>; error=10061 (Unknown error)"
[2026-07-12 11:27:21,931] | level=ERROR | request_id=- | module=pika.adapters.utils.connection_workflow | function=_on_tcp_connection_done | line=375 | message="TCP Connection attempt failed: ConnectionRefusedError(10061, 'Unknown error'); dest=(<AddressFamily.AF_INET: 2>, <SocketKind.SOCK_STREAM: 1>, 6, '', ('127.0.0.1', 5672))"
[2026-07-12 11:27:21,931] | level=ERROR | request_id=- | module=pika.adapters.utils.connection_workflow | function=_report_completion_and_cleanup | line=291 | message="AMQPConnector - reporting failure: AMQPConnectorSocketConnectError: ConnectionRefusedError(10061, 'Unknown error')"
[2026-07-12 11:27:21,931] | level=ERROR | request_id=- | module=pika.adapters.utils.connection_workflow | function=_start_new_cycle_async | line=746 | message="AMQP connection workflow failed: AMQPConnectionWorkflowFailed: 2 exceptions in all; last exception - AMQPConnectorSocketConnectError: ConnectionRefusedError(10061, 'Unknown error'); first exception - AMQPConnectorSocketConnectError: ConnectionRefusedError(10061, 'Unknown error')."
[2026-07-12 11:27:21,931] | level=ERROR | request_id=- | module=pika.adapters.utils.connection_workflow | function=_report_completion_and_cleanup | line=723 | message="AMQPConnectionWorkflow - reporting failure: AMQPConnectionWorkflowFailed: 2 exceptions in all; last exception - AMQPConnectorSocketConnectError: ConnectionRefusedError(10061, 'Unknown error'); first exception - AMQPConnectorSocketConnectError: ConnectionRefusedError(10061, 'Unknown error')"
[2026-07-12 11:27:21,931] | level=ERROR | request_id=- | module=pika.adapters.blocking_connection | function=_create_connection | line=450 | message="Connection workflow failed: AMQPConnectionWorkflowFailed: 2 exceptions in all; last exception - AMQPConnectorSocketConnectError: ConnectionRefusedError(10061, 'Unknown error'); first exception - AMQPConnectorSocketConnectError: ConnectionRefusedError(10061, 'Unknown error')"
[2026-07-12 11:27:21,938] | level=ERROR | request_id=- | module=pika.adapters.blocking_connection | function=_create_connection | line=457 | message="Error in _create_connection()."
Traceback (most recent call last):
  File "C:\Users\VIJAY\anaconda3\envs\fmcg_123\lib\site-packages\pika\adapters\blocking_connection.py", line 451, in _create_connection
    raise self._reap_last_connection_workflow_error(error)
pika.exceptions.AMQPConnectionError
[2026-07-12 11:27:21,938] | level=WARNING | request_id=- | module=app.workers.worker | function=run_worker | line=153 | message="RabbitMQ unavailable at localhost:5672; retrying worker connection in 5 seconds"
[2026-07-12 11:27:26,941] | level=WARNING | request_id=- | module=app.workers.worker | function=run_worker | line=133 | message="RabbitMQ connection restored at localhost:5672; worker is consuming queue=audit.jobs"
[2026-07-12 11:27:26,943] | level=INFO | request_id=- | module=app.services.rabbitmq_service | function=_ensure_connection | line=60 | message="Opening RabbitMQ connection to localhost:5672"
[2026-07-12 11:27:26,949] | level=INFO | request_id=- | module=pika.adapters.utils.connection_workflow | function=start | line=179 | message="Pika version 1.3.2 connecting to ('::1', 5672, 0, 0)"
[2026-07-12 11:27:28,985] | level=ERROR | request_id=- | module=pika.adapters.utils.io_services_utils | function=_on_writable | line=349 | message="Socket failed to connect: <socket.socket fd=2080, family=AddressFamily.AF_INET6, type=SocketKind.SOCK_STREAM, proto=6, laddr=('::', 57925, 0, 0)>; error=10061 (Unknown error)"
[2026-07-12 11:27:28,986] | level=ERROR | request_id=- | module=pika.adapters.utils.connection_workflow | function=_on_tcp_connection_done | line=375 | message="TCP Connection attempt failed: ConnectionRefusedError(10061, 'Unknown error'); dest=(<AddressFamily.AF_INET6: 23>, <SocketKind.SOCK_STREAM: 1>, 6, '', ('::1', 5672, 0, 0))"
[2026-07-12 11:27:28,988] | level=ERROR | request_id=- | module=pika.adapters.utils.connection_workflow | function=_report_completion_and_cleanup | line=291 | message="AMQPConnector - reporting failure: AMQPConnectorSocketConnectError: ConnectionRefusedError(10061, 'Unknown error')"
[2026-07-12 11:27:28,988] | level=INFO | request_id=- | module=pika.adapters.utils.connection_workflow | function=start | line=179 | message="Pika version 1.3.2 connecting to ('127.0.0.1', 5672)"
[2026-07-12 11:27:31,010] | level=ERROR | request_id=- | module=pika.adapters.utils.io_services_utils | function=_on_writable | line=349 | message="Socket failed to connect: <socket.socket fd=2080, family=AddressFamily.AF_INET, type=SocketKind.SOCK_STREAM, proto=6, laddr=('0.0.0.0', 53859)>; error=10061 (Unknown error)"
[2026-07-12 11:27:31,012] | level=ERROR | request_id=- | module=pika.adapters.utils.connection_workflow | function=_on_tcp_connection_done | line=375 | message="TCP Connection attempt failed: ConnectionRefusedError(10061, 'Unknown error'); dest=(<AddressFamily.AF_INET: 2>, <SocketKind.SOCK_STREAM: 1>, 6, '', ('127.0.0.1', 5672))"
[2026-07-12 11:27:31,014] | level=ERROR | request_id=- | module=pika.adapters.utils.connection_workflow | function=_report_completion_and_cleanup | line=291 | message="AMQPConnector - reporting failure: AMQPConnectorSocketConnectError: ConnectionRefusedError(10061, 'Unknown error')"
[2026-07-12 11:27:31,014] | level=ERROR | request_id=- | module=pika.adapters.utils.connection_workflow | function=_start_new_cycle_async | line=746 | message="AMQP connection workflow failed: AMQPConnectionWorkflowFailed: 2 exceptions in all; last exception - AMQPConnectorSocketConnectError: ConnectionRefusedError(10061, 'Unknown error'); first exception - AMQPConnectorSocketConnectError: ConnectionRefusedError(10061, 'Unknown error')."
[2026-07-12 11:27:31,014] | level=ERROR | request_id=- | module=pika.adapters.utils.connection_workflow | function=_report_completion_and_cleanup | line=723 | message="AMQPConnectionWorkflow - reporting failure: AMQPConnectionWorkflowFailed: 2 exceptions in all; last exception - AMQPConnectorSocketConnectError: ConnectionRefusedError(10061, 'Unknown error'); first exception - AMQPConnectorSocketConnectError: ConnectionRefusedError(10061, 'Unknown error')"
[2026-07-12 11:27:31,014] | level=ERROR | request_id=- | module=pika.adapters.blocking_connection | function=_create_connection | line=450 | message="Connection workflow failed: AMQPConnectionWorkflowFailed: 2 exceptions in all; last exception - AMQPConnectorSocketConnectError: ConnectionRefusedError(10061, 'Unknown error'); first exception - AMQPConnectorSocketConnectError: ConnectionRefusedError(10061, 'Unknown error')"
[2026-07-12 11:27:31,014] | level=ERROR | request_id=- | module=pika.adapters.blocking_connection | function=_create_connection | line=457 | message="Error in _create_connection()."
Traceback (most recent call last):
  File "C:\Users\VIJAY\anaconda3\envs\fmcg_123\lib\site-packages\pika\adapters\blocking_connection.py", line 451, in _create_connection
    raise self._reap_last_connection_workflow_error(error)
pika.exceptions.AMQPConnectionError
[2026-07-12 11:27:31,014] | level=WARNING | request_id=- | module=app.workers.worker | function=run_worker | line=153 | message="RabbitMQ unavailable at localhost:5672; retrying worker connection in 5 seconds"
[2026-07-12 11:27:36,026] | level=WARNING | request_id=- | module=app.workers.worker | function=run_worker | line=133 | message="RabbitMQ connection restored at localhost:5672; worker is consuming queue=audit.jobs"
[2026-07-12 11:27:36,026] | level=INFO | request_id=- | module=app.services.rabbitmq_service | function=_ensure_connection | line=60 | message="Opening RabbitMQ connection to localhost:5672"
[2026-07-12 11:27:36,035] | level=INFO | request_id=- | module=pika.adapters.utils.connection_workflow | function=start | line=179 | message="Pika version 1.3.2 connecting to ('::1', 5672, 0, 0)"
[2026-07-12 11:27:37,559] | level=INFO | request_id=- | module=pika.adapters.utils.io_services_utils | function=_on_writable | line=345 | message="Socket connected: <socket.socket fd=2388, family=AddressFamily.AF_INET6, type=SocketKind.SOCK_STREAM, proto=6, laddr=('::1', 60779, 0, 0), raddr=('::1', 5672, 0, 0)>"
[2026-07-12 11:27:37,567] | level=INFO | request_id=- | module=pika.adapters.utils.connection_workflow | function=_on_transport_establishment_done | line=428 | message="Streaming transport linked up: (<pika.adapters.utils.io_services_utils._AsyncPlaintextTransport object at 0x0000019F7A40BC10>, _StreamingProtocolShim: <SelectConnection PROTOCOL transport=<pika.adapters.utils.io_services_utils._AsyncPlaintextTransport object at 0x0000019F7A40BC10> params=<ConnectionParameters host=localhost port=5672 virtual_host=/ ssl=False>>)."
[2026-07-12 11:27:37,569] | level=ERROR | request_id=- | module=pika.adapters.utils.io_services_utils | function=_consume | line=796 | message="Socket EOF; <socket.socket fd=2388, family=AddressFamily.AF_INET6, type=SocketKind.SOCK_STREAM, proto=6, laddr=('::1', 60779, 0, 0), raddr=('::1', 5672, 0, 0)>"
[2026-07-12 11:27:37,571] | level=ERROR | request_id=- | module=pika.adapters.base_connection | function=_proto_eof_received | line=445 | message="Transport indicated EOF."
[2026-07-12 11:27:37,572] | level=INFO | request_id=- | module=pika.adapters.utils.io_services_utils | function=_on_socket_readable | line=1063 | message="protocol.eof_received() elected to close: <socket.socket fd=2388, family=AddressFamily.AF_INET6, type=SocketKind.SOCK_STREAM, proto=6, laddr=('::1', 60779, 0, 0), raddr=('::1', 5672, 0, 0)>"
[2026-07-12 11:27:37,572] | level=INFO | request_id=- | module=pika.adapters.utils.io_services_utils | function=_initiate_abort | line=904 | message="_AsyncTransportBase._initate_abort(): Initiating abrupt asynchronous transport shutdown: state=1; error=None; <socket.socket fd=2388, family=AddressFamily.AF_INET6, type=SocketKind.SOCK_STREAM, proto=6, laddr=('::1', 60779, 0, 0), raddr=('::1', 5672, 0, 0)>"
[2026-07-12 11:27:37,574] | level=INFO | request_id=- | module=pika.adapters.utils.io_services_utils | function=_deactivate | line=869 | message="Deactivating transport: state=1; <socket.socket fd=2388, family=AddressFamily.AF_INET6, type=SocketKind.SOCK_STREAM, proto=6, laddr=('::1', 60779, 0, 0), raddr=('::1', 5672, 0, 0)>"
[2026-07-12 11:27:37,576] | level=ERROR | request_id=- | module=pika.adapters.base_connection | function=_proto_connection_lost | line=428 | message="connection_lost: StreamLostError: ('Transport indicated EOF',)"
[2026-07-12 11:27:37,576] | level=INFO | request_id=- | module=pika.connection | function=_on_stream_terminated | line=2017 | message="AMQP stack terminated, failed to connect, or aborted: opened=False, error-arg=StreamLostError: ('Transport indicated EOF',); pending-error=None"
[2026-07-12 11:27:37,576] | level=ERROR | request_id=- | module=pika.connection | function=_on_stream_terminated | line=2048 | message="Probably incompatible Protocol Versions"
[2026-07-12 11:27:37,576] | level=INFO | request_id=- | module=pika.connection | function=_on_stream_terminated | line=2082 | message="Connection setup terminated due to IncompatibleProtocolError: The protocol returned by the server is not supported: ("StreamLostError: ('Transport indicated EOF',)",)"
[2026-07-12 11:27:37,582] | level=ERROR | request_id=- | module=pika.adapters.utils.connection_workflow | function=_report_completion_and_cleanup | line=291 | message="AMQPConnector - reporting failure: AMQPConnectorAMQPHandshakeError: IncompatibleProtocolError: The protocol returned by the server is not supported: ("StreamLostError: ('Transport indicated EOF',)",)"
[2026-07-12 11:27:37,582] | level=INFO | request_id=- | module=pika.adapters.utils.connection_workflow | function=start | line=179 | message="Pika version 1.3.2 connecting to ('127.0.0.1', 5672)"
[2026-07-12 11:27:37,582] | level=INFO | request_id=- | module=pika.adapters.utils.io_services_utils | function=_close_and_finalize | line=882 | message="Closing transport socket and unlinking: state=3; <socket.socket fd=2388, family=AddressFamily.AF_INET6, type=SocketKind.SOCK_STREAM, proto=6, laddr=('::1', 60779, 0, 0), raddr=('::1', 5672, 0, 0)>"
[2026-07-12 11:27:37,588] | level=INFO | request_id=- | module=pika.adapters.utils.io_services_utils | function=_on_writable | line=345 | message="Socket connected: <socket.socket fd=2376, family=AddressFamily.AF_INET, type=SocketKind.SOCK_STREAM, proto=6, laddr=('127.0.0.1', 60784), raddr=('127.0.0.1', 5672)>"
[2026-07-12 11:27:37,590] | level=INFO | request_id=- | module=pika.adapters.utils.connection_workflow | function=_on_transport_establishment_done | line=428 | message="Streaming transport linked up: (<pika.adapters.utils.io_services_utils._AsyncPlaintextTransport object at 0x0000019F7A40BAC0>, _StreamingProtocolShim: <SelectConnection PROTOCOL transport=<pika.adapters.utils.io_services_utils._AsyncPlaintextTransport object at 0x0000019F7A40BAC0> params=<ConnectionParameters host=localhost port=5672 virtual_host=/ ssl=False>>)."
[2026-07-12 11:27:37,593] | level=ERROR | request_id=- | module=pika.adapters.utils.io_services_utils | function=_consume | line=796 | message="Socket EOF; <socket.socket fd=2376, family=AddressFamily.AF_INET, type=SocketKind.SOCK_STREAM, proto=6, laddr=('127.0.0.1', 60784), raddr=('127.0.0.1', 5672)>"
[2026-07-12 11:27:37,595] | level=ERROR | request_id=- | module=pika.adapters.base_connection | function=_proto_eof_received | line=445 | message="Transport indicated EOF."
[2026-07-12 11:27:37,596] | level=INFO | request_id=- | module=pika.adapters.utils.io_services_utils | function=_on_socket_readable | line=1063 | message="protocol.eof_received() elected to close: <socket.socket fd=2376, family=AddressFamily.AF_INET, type=SocketKind.SOCK_STREAM, proto=6, laddr=('127.0.0.1', 60784), raddr=('127.0.0.1', 5672)>"
[2026-07-12 11:27:37,597] | level=INFO | request_id=- | module=pika.adapters.utils.io_services_utils | function=_initiate_abort | line=904 | message="_AsyncTransportBase._initate_abort(): Initiating abrupt asynchronous transport shutdown: state=1; error=None; <socket.socket fd=2376, family=AddressFamily.AF_INET, type=SocketKind.SOCK_STREAM, proto=6, laddr=('127.0.0.1', 60784), raddr=('127.0.0.1', 5672)>"
[2026-07-12 11:27:37,599] | level=INFO | request_id=- | module=pika.adapters.utils.io_services_utils | function=_deactivate | line=869 | message="Deactivating transport: state=1; <socket.socket fd=2376, family=AddressFamily.AF_INET, type=SocketKind.SOCK_STREAM, proto=6, laddr=('127.0.0.1', 60784), raddr=('127.0.0.1', 5672)>"
[2026-07-12 11:27:37,601] | level=ERROR | request_id=- | module=pika.adapters.base_connection | function=_proto_connection_lost | line=428 | message="connection_lost: StreamLostError: ('Transport indicated EOF',)"
[2026-07-12 11:27:37,602] | level=INFO | request_id=- | module=pika.connection | function=_on_stream_terminated | line=2017 | message="AMQP stack terminated, failed to connect, or aborted: opened=False, error-arg=StreamLostError: ('Transport indicated EOF',); pending-error=None"
[2026-07-12 11:27:37,604] | level=ERROR | request_id=- | module=pika.connection | function=_on_stream_terminated | line=2048 | message="Probably incompatible Protocol Versions"
[2026-07-12 11:27:37,604] | level=INFO | request_id=- | module=pika.connection | function=_on_stream_terminated | line=2082 | message="Connection setup terminated due to IncompatibleProtocolError: The protocol returned by the server is not supported: ("StreamLostError: ('Transport indicated EOF',)",)"
[2026-07-12 11:27:37,606] | level=ERROR | request_id=- | module=pika.adapters.utils.connection_workflow | function=_report_completion_and_cleanup | line=291 | message="AMQPConnector - reporting failure: AMQPConnectorAMQPHandshakeError: IncompatibleProtocolError: The protocol returned by the server is not supported: ("StreamLostError: ('Transport indicated EOF',)",)"
[2026-07-12 11:27:37,607] | level=ERROR | request_id=- | module=pika.adapters.utils.connection_workflow | function=_start_new_cycle_async | line=746 | message="AMQP connection workflow failed: AMQPConnectionWorkflowFailed: 2 exceptions in all; last exception - AMQPConnectorAMQPHandshakeError: IncompatibleProtocolError: The protocol returned by the server is not supported: ("StreamLostError: ('Transport indicated EOF',)",); first exception - AMQPConnectorAMQPHandshakeError: IncompatibleProtocolError: The protocol returned by the server is not supported: ("StreamLostError: ('Transport indicated EOF',)",)."
[2026-07-12 11:27:37,609] | level=ERROR | request_id=- | module=pika.adapters.utils.connection_workflow | function=_report_completion_and_cleanup | line=723 | message="AMQPConnectionWorkflow - reporting failure: AMQPConnectionWorkflowFailed: 2 exceptions in all; last exception - AMQPConnectorAMQPHandshakeError: IncompatibleProtocolError: The protocol returned by the server is not supported: ("StreamLostError: ('Transport indicated EOF',)",); first exception - AMQPConnectorAMQPHandshakeError: IncompatibleProtocolError: The protocol returned by the server is not supported: ("StreamLostError: ('Transport indicated EOF',)",)"
[2026-07-12 11:27:37,609] | level=INFO | request_id=- | module=pika.adapters.utils.io_services_utils | function=_close_and_finalize | line=882 | message="Closing transport socket and unlinking: state=3; <socket.socket fd=2376, family=AddressFamily.AF_INET, type=SocketKind.SOCK_STREAM, proto=6, laddr=('127.0.0.1', 60784), raddr=('127.0.0.1', 5672)>"
[2026-07-12 11:27:37,612] | level=ERROR | request_id=- | module=pika.adapters.blocking_connection | function=_create_connection | line=450 | message="Connection workflow failed: AMQPConnectionWorkflowFailed: 2 exceptions in all; last exception - AMQPConnectorAMQPHandshakeError: IncompatibleProtocolError: The protocol returned by the server is not supported: ("StreamLostError: ('Transport indicated EOF',)",); first exception - AMQPConnectorAMQPHandshakeError: IncompatibleProtocolError: The protocol returned by the server is not supported: ("StreamLostError: ('Transport indicated EOF',)",)"
[2026-07-12 11:27:37,615] | level=ERROR | request_id=- | module=pika.adapters.blocking_connection | function=_create_connection | line=457 | message="Error in _create_connection()."
Traceback (most recent call last):
  File "C:\Users\VIJAY\anaconda3\envs\fmcg_123\lib\site-packages\pika\adapters\blocking_connection.py", line 451, in _create_connection
    raise self._reap_last_connection_workflow_error(error)
pika.exceptions.IncompatibleProtocolError: StreamLostError: ('Transport indicated EOF',)
[2026-07-12 11:27:37,615] | level=WARNING | request_id=- | module=app.workers.worker | function=run_worker | line=153 | message="RabbitMQ unavailable at localhost:5672; retrying worker connection in 5 seconds"
[2026-07-12 11:27:42,626] | level=WARNING | request_id=- | module=app.workers.worker | function=run_worker | line=133 | message="RabbitMQ connection restored at localhost:5672; worker is consuming queue=audit.jobs"
[2026-07-12 11:27:42,626] | level=INFO | request_id=- | module=app.services.rabbitmq_service | function=_ensure_connection | line=60 | message="Opening RabbitMQ connection to localhost:5672"
[2026-07-12 11:27:42,632] | level=INFO | request_id=- | module=pika.adapters.utils.connection_workflow | function=start | line=179 | message="Pika version 1.3.2 connecting to ('::1', 5672, 0, 0)"
[2026-07-12 11:27:42,635] | level=INFO | request_id=- | module=pika.adapters.utils.io_services_utils | function=_on_writable | line=345 | message="Socket connected: <socket.socket fd=1724, family=AddressFamily.AF_INET6, type=SocketKind.SOCK_STREAM, proto=6, laddr=('::1', 60787, 0, 0), raddr=('::1', 5672, 0, 0)>"
[2026-07-12 11:27:42,635] | level=INFO | request_id=- | module=pika.adapters.utils.connection_workflow | function=_on_transport_establishment_done | line=428 | message="Streaming transport linked up: (<pika.adapters.utils.io_services_utils._AsyncPlaintextTransport object at 0x0000019F7A40AE90>, _StreamingProtocolShim: <SelectConnection PROTOCOL transport=<pika.adapters.utils.io_services_utils._AsyncPlaintextTransport object at 0x0000019F7A40AE90> params=<ConnectionParameters host=localhost port=5672 virtual_host=/ ssl=False>>)."
[2026-07-12 11:27:42,643] | level=ERROR | request_id=- | module=pika.adapters.utils.io_services_utils | function=_consume | line=796 | message="Socket EOF; <socket.socket fd=1724, family=AddressFamily.AF_INET6, type=SocketKind.SOCK_STREAM, proto=6, laddr=('::1', 60787, 0, 0), raddr=('::1', 5672, 0, 0)>"
[2026-07-12 11:27:42,646] | level=ERROR | request_id=- | module=pika.adapters.base_connection | function=_proto_eof_received | line=445 | message="Transport indicated EOF."
[2026-07-12 11:27:42,647] | level=INFO | request_id=- | module=pika.adapters.utils.io_services_utils | function=_on_socket_readable | line=1063 | message="protocol.eof_received() elected to close: <socket.socket fd=1724, family=AddressFamily.AF_INET6, type=SocketKind.SOCK_STREAM, proto=6, laddr=('::1', 60787, 0, 0), raddr=('::1', 5672, 0, 0)>"
[2026-07-12 11:27:42,649] | level=INFO | request_id=- | module=pika.adapters.utils.io_services_utils | function=_initiate_abort | line=904 | message="_AsyncTransportBase._initate_abort(): Initiating abrupt asynchronous transport shutdown: state=1; error=None; <socket.socket fd=1724, family=AddressFamily.AF_INET6, type=SocketKind.SOCK_STREAM, proto=6, laddr=('::1', 60787, 0, 0), raddr=('::1', 5672, 0, 0)>"
[2026-07-12 11:27:42,650] | level=INFO | request_id=- | module=pika.adapters.utils.io_services_utils | function=_deactivate | line=869 | message="Deactivating transport: state=1; <socket.socket fd=1724, family=AddressFamily.AF_INET6, type=SocketKind.SOCK_STREAM, proto=6, laddr=('::1', 60787, 0, 0), raddr=('::1', 5672, 0, 0)>"
[2026-07-12 11:27:42,652] | level=ERROR | request_id=- | module=pika.adapters.base_connection | function=_proto_connection_lost | line=428 | message="connection_lost: StreamLostError: ('Transport indicated EOF',)"
[2026-07-12 11:27:42,653] | level=INFO | request_id=- | module=pika.connection | function=_on_stream_terminated | line=2017 | message="AMQP stack terminated, failed to connect, or aborted: opened=False, error-arg=StreamLostError: ('Transport indicated EOF',); pending-error=None"
[2026-07-12 11:27:42,654] | level=ERROR | request_id=- | module=pika.connection | function=_on_stream_terminated | line=2048 | message="Probably incompatible Protocol Versions"
[2026-07-12 11:27:42,655] | level=INFO | request_id=- | module=pika.connection | function=_on_stream_terminated | line=2082 | message="Connection setup terminated due to IncompatibleProtocolError: The protocol returned by the server is not supported: ("StreamLostError: ('Transport indicated EOF',)",)"
[2026-07-12 11:27:42,656] | level=ERROR | request_id=- | module=pika.adapters.utils.connection_workflow | function=_report_completion_and_cleanup | line=291 | message="AMQPConnector - reporting failure: AMQPConnectorAMQPHandshakeError: IncompatibleProtocolError: The protocol returned by the server is not supported: ("StreamLostError: ('Transport indicated EOF',)",)"
[2026-07-12 11:27:42,658] | level=INFO | request_id=- | module=pika.adapters.utils.connection_workflow | function=start | line=179 | message="Pika version 1.3.2 connecting to ('127.0.0.1', 5672)"
[2026-07-12 11:27:42,660] | level=INFO | request_id=- | module=pika.adapters.utils.io_services_utils | function=_close_and_finalize | line=882 | message="Closing transport socket and unlinking: state=3; <socket.socket fd=1724, family=AddressFamily.AF_INET6, type=SocketKind.SOCK_STREAM, proto=6, laddr=('::1', 60787, 0, 0), raddr=('::1', 5672, 0, 0)>"
[2026-07-12 11:27:42,663] | level=INFO | request_id=- | module=pika.adapters.utils.io_services_utils | function=_on_writable | line=345 | message="Socket connected: <socket.socket fd=1716, family=AddressFamily.AF_INET, type=SocketKind.SOCK_STREAM, proto=6, laddr=('127.0.0.1', 60788), raddr=('127.0.0.1', 5672)>"
[2026-07-12 11:27:42,665] | level=INFO | request_id=- | module=pika.adapters.utils.connection_workflow | function=_on_transport_establishment_done | line=428 | message="Streaming transport linked up: (<pika.adapters.utils.io_services_utils._AsyncPlaintextTransport object at 0x0000019F7A40B310>, _StreamingProtocolShim: <SelectConnection PROTOCOL transport=<pika.adapters.utils.io_services_utils._AsyncPlaintextTransport object at 0x0000019F7A40B310> params=<ConnectionParameters host=localhost port=5672 virtual_host=/ ssl=False>>)."
[2026-07-12 11:27:42,667] | level=ERROR | request_id=- | module=pika.adapters.utils.io_services_utils | function=_consume | line=796 | message="Socket EOF; <socket.socket fd=1716, family=AddressFamily.AF_INET, type=SocketKind.SOCK_STREAM, proto=6, laddr=('127.0.0.1', 60788), raddr=('127.0.0.1', 5672)>"
[2026-07-12 11:27:42,668] | level=ERROR | request_id=- | module=pika.adapters.base_connection | function=_proto_eof_received | line=445 | message="Transport indicated EOF."
[2026-07-12 11:27:42,669] | level=INFO | request_id=- | module=pika.adapters.utils.io_services_utils | function=_on_socket_readable | line=1063 | message="protocol.eof_received() elected to close: <socket.socket fd=1716, family=AddressFamily.AF_INET, type=SocketKind.SOCK_STREAM, proto=6, laddr=('127.0.0.1', 60788), raddr=('127.0.0.1', 5672)>"
[2026-07-12 11:27:42,671] | level=INFO | request_id=- | module=pika.adapters.utils.io_services_utils | function=_initiate_abort | line=904 | message="_AsyncTransportBase._initate_abort(): Initiating abrupt asynchronous transport shutdown: state=1; error=None; <socket.socket fd=1716, family=AddressFamily.AF_INET, type=SocketKind.SOCK_STREAM, proto=6, laddr=('127.0.0.1', 60788), raddr=('127.0.0.1', 5672)>"
[2026-07-12 11:27:42,672] | level=INFO | request_id=- | module=pika.adapters.utils.io_services_utils | function=_deactivate | line=869 | message="Deactivating transport: state=1; <socket.socket fd=1716, family=AddressFamily.AF_INET, type=SocketKind.SOCK_STREAM, proto=6, laddr=('127.0.0.1', 60788), raddr=('127.0.0.1', 5672)>"
[2026-07-12 11:27:42,674] | level=ERROR | request_id=- | module=pika.adapters.base_connection | function=_proto_connection_lost | line=428 | message="connection_lost: StreamLostError: ('Transport indicated EOF',)"
[2026-07-12 11:27:42,675] | level=INFO | request_id=- | module=pika.connection | function=_on_stream_terminated | line=2017 | message="AMQP stack terminated, failed to connect, or aborted: opened=False, error-arg=StreamLostError: ('Transport indicated EOF',); pending-error=None"
[2026-07-12 11:27:42,676] | level=ERROR | request_id=- | module=pika.connection | function=_on_stream_terminated | line=2048 | message="Probably incompatible Protocol Versions"
[2026-07-12 11:27:42,676] | level=INFO | request_id=- | module=pika.connection | function=_on_stream_terminated | line=2082 | message="Connection setup terminated due to IncompatibleProtocolError: The protocol returned by the server is not supported: ("StreamLostError: ('Transport indicated EOF',)",)"
[2026-07-12 11:27:42,679] | level=ERROR | request_id=- | module=pika.adapters.utils.connection_workflow | function=_report_completion_and_cleanup | line=291 | message="AMQPConnector - reporting failure: AMQPConnectorAMQPHandshakeError: IncompatibleProtocolError: The protocol returned by the server is not supported: ("StreamLostError: ('Transport indicated EOF',)",)"
[2026-07-12 11:27:42,679] | level=ERROR | request_id=- | module=pika.adapters.utils.connection_workflow | function=_start_new_cycle_async | line=746 | message="AMQP connection workflow failed: AMQPConnectionWorkflowFailed: 2 exceptions in all; last exception - AMQPConnectorAMQPHandshakeError: IncompatibleProtocolError: The protocol returned by the server is not supported: ("StreamLostError: ('Transport indicated EOF',)",); first exception - AMQPConnectorAMQPHandshakeError: IncompatibleProtocolError: The protocol returned by the server is not supported: ("StreamLostError: ('Transport indicated EOF',)",)."
[2026-07-12 11:27:42,681] | level=ERROR | request_id=- | module=pika.adapters.utils.connection_workflow | function=_report_completion_and_cleanup | line=723 | message="AMQPConnectionWorkflow - reporting failure: AMQPConnectionWorkflowFailed: 2 exceptions in all; last exception - AMQPConnectorAMQPHandshakeError: IncompatibleProtocolError: The protocol returned by the server is not supported: ("StreamLostError: ('Transport indicated EOF',)",); first exception - AMQPConnectorAMQPHandshakeError: IncompatibleProtocolError: The protocol returned by the server is not supported: ("StreamLostError: ('Transport indicated EOF',)",)"
[2026-07-12 11:27:42,681] | level=INFO | request_id=- | module=pika.adapters.utils.io_services_utils | function=_close_and_finalize | line=882 | message="Closing transport socket and unlinking: state=3; <socket.socket fd=1716, family=AddressFamily.AF_INET, type=SocketKind.SOCK_STREAM, proto=6, laddr=('127.0.0.1', 60788), raddr=('127.0.0.1', 5672)>"
[2026-07-12 11:27:42,681] | level=ERROR | request_id=- | module=pika.adapters.blocking_connection | function=_create_connection | line=450 | message="Connection workflow failed: AMQPConnectionWorkflowFailed: 2 exceptions in all; last exception - AMQPConnectorAMQPHandshakeError: IncompatibleProtocolError: The protocol returned by the server is not supported: ("StreamLostError: ('Transport indicated EOF',)",); first exception - AMQPConnectorAMQPHandshakeError: IncompatibleProtocolError: The protocol returned by the server is not supported: ("StreamLostError: ('Transport indicated EOF',)",)"
[2026-07-12 11:27:42,681] | level=ERROR | request_id=- | module=pika.adapters.blocking_connection | function=_create_connection | line=457 | message="Error in _create_connection()."
Traceback (most recent call last):
  File "C:\Users\VIJAY\anaconda3\envs\fmcg_123\lib\site-packages\pika\adapters\blocking_connection.py", line 451, in _create_connection
    raise self._reap_last_connection_workflow_error(error)
pika.exceptions.IncompatibleProtocolError: StreamLostError: ('Transport indicated EOF',)
[2026-07-12 11:27:42,689] | level=WARNING | request_id=- | module=app.workers.worker | function=run_worker | line=153 | message="RabbitMQ unavailable at localhost:5672; retrying worker connection in 5 seconds"
[2026-07-12 11:27:47,704] | level=WARNING | request_id=- | module=app.workers.worker | function=run_worker | line=133 | message="RabbitMQ connection restored at localhost:5672; worker is consuming queue=audit.jobs"
[2026-07-12 11:27:47,706] | level=INFO | request_id=- | module=app.services.rabbitmq_service | function=_ensure_connection | line=60 | message="Opening RabbitMQ connection to localhost:5672"
[2026-07-12 11:27:47,711] | level=INFO | request_id=- | module=pika.adapters.utils.connection_workflow | function=start | line=179 | message="Pika version 1.3.2 connecting to ('::1', 5672, 0, 0)"
[2026-07-12 11:27:47,714] | level=INFO | request_id=- | module=pika.adapters.utils.io_services_utils | function=_on_writable | line=345 | message="Socket connected: <socket.socket fd=2000, family=AddressFamily.AF_INET6, type=SocketKind.SOCK_STREAM, proto=6, laddr=('::1', 50775, 0, 0), raddr=('::1', 5672, 0, 0)>"
[2026-07-12 11:27:47,714] | level=INFO | request_id=- | module=pika.adapters.utils.connection_workflow | function=_on_transport_establishment_done | line=428 | message="Streaming transport linked up: (<pika.adapters.utils.io_services_utils._AsyncPlaintextTransport object at 0x0000019F7A40A710>, _StreamingProtocolShim: <SelectConnection PROTOCOL transport=<pika.adapters.utils.io_services_utils._AsyncPlaintextTransport object at 0x0000019F7A40A710> params=<ConnectionParameters host=localhost port=5672 virtual_host=/ ssl=False>>)."
[2026-07-12 11:27:47,722] | level=ERROR | request_id=- | module=pika.adapters.utils.io_services_utils | function=_consume | line=796 | message="Socket EOF; <socket.socket fd=2000, family=AddressFamily.AF_INET6, type=SocketKind.SOCK_STREAM, proto=6, laddr=('::1', 50775, 0, 0), raddr=('::1', 5672, 0, 0)>"
[2026-07-12 11:27:47,725] | level=ERROR | request_id=- | module=pika.adapters.base_connection | function=_proto_eof_received | line=445 | message="Transport indicated EOF."
[2026-07-12 11:27:47,727] | level=INFO | request_id=- | module=pika.adapters.utils.io_services_utils | function=_on_socket_readable | line=1063 | message="protocol.eof_received() elected to close: <socket.socket fd=2000, family=AddressFamily.AF_INET6, type=SocketKind.SOCK_STREAM, proto=6, laddr=('::1', 50775, 0, 0), raddr=('::1', 5672, 0, 0)>"
[2026-07-12 11:27:47,728] | level=INFO | request_id=- | module=pika.adapters.utils.io_services_utils | function=_initiate_abort | line=904 | message="_AsyncTransportBase._initate_abort(): Initiating abrupt asynchronous transport shutdown: state=1; error=None; <socket.socket fd=2000, family=AddressFamily.AF_INET6, type=SocketKind.SOCK_STREAM, proto=6, laddr=('::1', 50775, 0, 0), raddr=('::1', 5672, 0, 0)>"
[2026-07-12 11:27:47,729] | level=INFO | request_id=- | module=pika.adapters.utils.io_services_utils | function=_deactivate | line=869 | message="Deactivating transport: state=1; <socket.socket fd=2000, family=AddressFamily.AF_INET6, type=SocketKind.SOCK_STREAM, proto=6, laddr=('::1', 50775, 0, 0), raddr=('::1', 5672, 0, 0)>"
[2026-07-12 11:27:47,730] | level=ERROR | request_id=- | module=pika.adapters.base_connection | function=_proto_connection_lost | line=428 | message="connection_lost: StreamLostError: ('Transport indicated EOF',)"
[2026-07-12 11:27:47,732] | level=INFO | request_id=- | module=pika.connection | function=_on_stream_terminated | line=2017 | message="AMQP stack terminated, failed to connect, or aborted: opened=False, error-arg=StreamLostError: ('Transport indicated EOF',); pending-error=None"
[2026-07-12 11:27:47,733] | level=ERROR | request_id=- | module=pika.connection | function=_on_stream_terminated | line=2048 | message="Probably incompatible Protocol Versions"
[2026-07-12 11:27:47,734] | level=INFO | request_id=- | module=pika.connection | function=_on_stream_terminated | line=2082 | message="Connection setup terminated due to IncompatibleProtocolError: The protocol returned by the server is not supported: ("StreamLostError: ('Transport indicated EOF',)",)"
[2026-07-12 11:27:47,734] | level=ERROR | request_id=- | module=pika.adapters.utils.connection_workflow | function=_report_completion_and_cleanup | line=291 | message="AMQPConnector - reporting failure: AMQPConnectorAMQPHandshakeError: IncompatibleProtocolError: The protocol returned by the server is not supported: ("StreamLostError: ('Transport indicated EOF',)",)"
[2026-07-12 11:27:47,735] | level=INFO | request_id=- | module=pika.adapters.utils.connection_workflow | function=start | line=179 | message="Pika version 1.3.2 connecting to ('127.0.0.1', 5672)"
[2026-07-12 11:27:47,735] | level=INFO | request_id=- | module=pika.adapters.utils.io_services_utils | function=_close_and_finalize | line=882 | message="Closing transport socket and unlinking: state=3; <socket.socket fd=2000, family=AddressFamily.AF_INET6, type=SocketKind.SOCK_STREAM, proto=6, laddr=('::1', 50775, 0, 0), raddr=('::1', 5672, 0, 0)>"
[2026-07-12 11:27:47,741] | level=INFO | request_id=- | module=pika.adapters.utils.io_services_utils | function=_on_writable | line=345 | message="Socket connected: <socket.socket fd=1856, family=AddressFamily.AF_INET, type=SocketKind.SOCK_STREAM, proto=6, laddr=('127.0.0.1', 50776), raddr=('127.0.0.1', 5672)>"
[2026-07-12 11:27:47,743] | level=INFO | request_id=- | module=pika.adapters.utils.connection_workflow | function=_on_transport_establishment_done | line=428 | message="Streaming transport linked up: (<pika.adapters.utils.io_services_utils._AsyncPlaintextTransport object at 0x0000019F7A40AAA0>, _StreamingProtocolShim: <SelectConnection PROTOCOL transport=<pika.adapters.utils.io_services_utils._AsyncPlaintextTransport object at 0x0000019F7A40AAA0> params=<ConnectionParameters host=localhost port=5672 virtual_host=/ ssl=False>>)."
[2026-07-12 11:27:47,745] | level=ERROR | request_id=- | module=pika.adapters.utils.io_services_utils | function=_consume | line=796 | message="Socket EOF; <socket.socket fd=1856, family=AddressFamily.AF_INET, type=SocketKind.SOCK_STREAM, proto=6, laddr=('127.0.0.1', 50776), raddr=('127.0.0.1', 5672)>"
[2026-07-12 11:27:47,747] | level=ERROR | request_id=- | module=pika.adapters.base_connection | function=_proto_eof_received | line=445 | message="Transport indicated EOF."
[2026-07-12 11:27:47,747] | level=INFO | request_id=- | module=pika.adapters.utils.io_services_utils | function=_on_socket_readable | line=1063 | message="protocol.eof_received() elected to close: <socket.socket fd=1856, family=AddressFamily.AF_INET, type=SocketKind.SOCK_STREAM, proto=6, laddr=('127.0.0.1', 50776), raddr=('127.0.0.1', 5672)>"
[2026-07-12 11:27:47,749] | level=INFO | request_id=- | module=pika.adapters.utils.io_services_utils | function=_initiate_abort | line=904 | message="_AsyncTransportBase._initate_abort(): Initiating abrupt asynchronous transport shutdown: state=1; error=None; <socket.socket fd=1856, family=AddressFamily.AF_INET, type=SocketKind.SOCK_STREAM, proto=6, laddr=('127.0.0.1', 50776), raddr=('127.0.0.1', 5672)>"
[2026-07-12 11:27:47,750] | level=INFO | request_id=- | module=pika.adapters.utils.io_services_utils | function=_deactivate | line=869 | message="Deactivating transport: state=1; <socket.socket fd=1856, family=AddressFamily.AF_INET, type=SocketKind.SOCK_STREAM, proto=6, laddr=('127.0.0.1', 50776), raddr=('127.0.0.1', 5672)>"
[2026-07-12 11:27:47,752] | level=ERROR | request_id=- | module=pika.adapters.base_connection | function=_proto_connection_lost | line=428 | message="connection_lost: StreamLostError: ('Transport indicated EOF',)"
[2026-07-12 11:27:47,753] | level=INFO | request_id=- | module=pika.connection | function=_on_stream_terminated | line=2017 | message="AMQP stack terminated, failed to connect, or aborted: opened=False, error-arg=StreamLostError: ('Transport indicated EOF',); pending-error=None"
[2026-07-12 11:27:47,755] | level=ERROR | request_id=- | module=pika.connection | function=_on_stream_terminated | line=2048 | message="Probably incompatible Protocol Versions"
[2026-07-12 11:27:47,755] | level=INFO | request_id=- | module=pika.connection | function=_on_stream_terminated | line=2082 | message="Connection setup terminated due to IncompatibleProtocolError: The protocol returned by the server is not supported: ("StreamLostError: ('Transport indicated EOF',)",)"
[2026-07-12 11:27:47,755] | level=ERROR | request_id=- | module=pika.adapters.utils.connection_workflow | function=_report_completion_and_cleanup | line=291 | message="AMQPConnector - reporting failure: AMQPConnectorAMQPHandshakeError: IncompatibleProtocolError: The protocol returned by the server is not supported: ("StreamLostError: ('Transport indicated EOF',)",)"
[2026-07-12 11:27:47,755] | level=ERROR | request_id=- | module=pika.adapters.utils.connection_workflow | function=_start_new_cycle_async | line=746 | message="AMQP connection workflow failed: AMQPConnectionWorkflowFailed: 2 exceptions in all; last exception - AMQPConnectorAMQPHandshakeError: IncompatibleProtocolError: The protocol returned by the server is not supported: ("StreamLostError: ('Transport indicated EOF',)",); first exception - AMQPConnectorAMQPHandshakeError: IncompatibleProtocolError: The protocol returned by the server is not supported: ("StreamLostError: ('Transport indicated EOF',)",)."
[2026-07-12 11:27:47,759] | level=ERROR | request_id=- | module=pika.adapters.utils.connection_workflow | function=_report_completion_and_cleanup | line=723 | message="AMQPConnectionWorkflow - reporting failure: AMQPConnectionWorkflowFailed: 2 exceptions in all; last exception - AMQPConnectorAMQPHandshakeError: IncompatibleProtocolError: The protocol returned by the server is not supported: ("StreamLostError: ('Transport indicated EOF',)",); first exception - AMQPConnectorAMQPHandshakeError: IncompatibleProtocolError: The protocol returned by the server is not supported: ("StreamLostError: ('Transport indicated EOF',)",)"
[2026-07-12 11:27:47,759] | level=INFO | request_id=- | module=pika.adapters.utils.io_services_utils | function=_close_and_finalize | line=882 | message="Closing transport socket and unlinking: state=3; <socket.socket fd=1856, family=AddressFamily.AF_INET, type=SocketKind.SOCK_STREAM, proto=6, laddr=('127.0.0.1', 50776), raddr=('127.0.0.1', 5672)>"
[2026-07-12 11:27:47,763] | level=ERROR | request_id=- | module=pika.adapters.blocking_connection | function=_create_connection | line=450 | message="Connection workflow failed: AMQPConnectionWorkflowFailed: 2 exceptions in all; last exception - AMQPConnectorAMQPHandshakeError: IncompatibleProtocolError: The protocol returned by the server is not supported: ("StreamLostError: ('Transport indicated EOF',)",); first exception - AMQPConnectorAMQPHandshakeError: IncompatibleProtocolError: The protocol returned by the server is not supported: ("StreamLostError: ('Transport indicated EOF',)",)"
[2026-07-12 11:27:47,763] | level=ERROR | request_id=- | module=pika.adapters.blocking_connection | function=_create_connection | line=457 | message="Error in _create_connection()."
Traceback (most recent call last):
  File "C:\Users\VIJAY\anaconda3\envs\fmcg_123\lib\site-packages\pika\adapters\blocking_connection.py", line 451, in _create_connection
    raise self._reap_last_connection_workflow_error(error)
pika.exceptions.IncompatibleProtocolError: StreamLostError: ('Transport indicated EOF',)
[2026-07-12 11:27:47,763] | level=WARNING | request_id=- | module=app.workers.worker | function=run_worker | line=153 | message="RabbitMQ unavailable at localhost:5672; retrying worker connection in 5 seconds"
[2026-07-12 11:27:52,773] | level=WARNING | request_id=- | module=app.workers.worker | function=run_worker | line=133 | message="RabbitMQ connection restored at localhost:5672; worker is consuming queue=audit.jobs"
[2026-07-12 11:27:52,775] | level=INFO | request_id=- | module=app.services.rabbitmq_service | function=_ensure_connection | line=60 | message="Opening RabbitMQ connection to localhost:5672"
[2026-07-12 11:27:52,780] | level=INFO | request_id=- | module=pika.adapters.utils.connection_workflow | function=start | line=179 | message="Pika version 1.3.2 connecting to ('::1', 5672, 0, 0)"
[2026-07-12 11:27:52,782] | level=INFO | request_id=- | module=pika.adapters.utils.io_services_utils | function=_on_writable | line=345 | message="Socket connected: <socket.socket fd=2276, family=AddressFamily.AF_INET6, type=SocketKind.SOCK_STREAM, proto=6, laddr=('::1', 64978, 0, 0), raddr=('::1', 5672, 0, 0)>"
[2026-07-12 11:27:52,782] | level=INFO | request_id=- | module=pika.adapters.utils.connection_workflow | function=_on_transport_establishment_done | line=428 | message="Streaming transport linked up: (<pika.adapters.utils.io_services_utils._AsyncPlaintextTransport object at 0x0000019F7A40B760>, _StreamingProtocolShim: <SelectConnection PROTOCOL transport=<pika.adapters.utils.io_services_utils._AsyncPlaintextTransport object at 0x0000019F7A40B760> params=<ConnectionParameters host=localhost port=5672 virtual_host=/ ssl=False>>)."
[2026-07-12 11:27:52,787] | level=ERROR | request_id=- | module=pika.adapters.utils.io_services_utils | function=_consume | line=796 | message="Socket EOF; <socket.socket fd=2276, family=AddressFamily.AF_INET6, type=SocketKind.SOCK_STREAM, proto=6, laddr=('::1', 64978, 0, 0), raddr=('::1', 5672, 0, 0)>"
[2026-07-12 11:27:52,789] | level=ERROR | request_id=- | module=pika.adapters.base_connection | function=_proto_eof_received | line=445 | message="Transport indicated EOF."
[2026-07-12 11:27:52,790] | level=INFO | request_id=- | module=pika.adapters.utils.io_services_utils | function=_on_socket_readable | line=1063 | message="protocol.eof_received() elected to close: <socket.socket fd=2276, family=AddressFamily.AF_INET6, type=SocketKind.SOCK_STREAM, proto=6, laddr=('::1', 64978, 0, 0), raddr=('::1', 5672, 0, 0)>"
[2026-07-12 11:27:52,792] | level=INFO | request_id=- | module=pika.adapters.utils.io_services_utils | function=_initiate_abort | line=904 | message="_AsyncTransportBase._initate_abort(): Initiating abrupt asynchronous transport shutdown: state=1; error=None; <socket.socket fd=2276, family=AddressFamily.AF_INET6, type=SocketKind.SOCK_STREAM, proto=6, laddr=('::1', 64978, 0, 0), raddr=('::1', 5672, 0, 0)>"
[2026-07-12 11:27:52,794] | level=INFO | request_id=- | module=pika.adapters.utils.io_services_utils | function=_deactivate | line=869 | message="Deactivating transport: state=1; <socket.socket fd=2276, family=AddressFamily.AF_INET6, type=SocketKind.SOCK_STREAM, proto=6, laddr=('::1', 64978, 0, 0), raddr=('::1', 5672, 0, 0)>"
[2026-07-12 11:27:52,795] | level=ERROR | request_id=- | module=pika.adapters.base_connection | function=_proto_connection_lost | line=428 | message="connection_lost: StreamLostError: ('Transport indicated EOF',)"
[2026-07-12 11:27:52,796] | level=INFO | request_id=- | module=pika.connection | function=_on_stream_terminated | line=2017 | message="AMQP stack terminated, failed to connect, or aborted: opened=False, error-arg=StreamLostError: ('Transport indicated EOF',); pending-error=None"
[2026-07-12 11:27:52,796] | level=ERROR | request_id=- | module=pika.connection | function=_on_stream_terminated | line=2048 | message="Probably incompatible Protocol Versions"
[2026-07-12 11:27:52,798] | level=INFO | request_id=- | module=pika.connection | function=_on_stream_terminated | line=2082 | message="Connection setup terminated due to IncompatibleProtocolError: The protocol returned by the server is not supported: ("StreamLostError: ('Transport indicated EOF',)",)"
[2026-07-12 11:27:52,798] | level=ERROR | request_id=- | module=pika.adapters.utils.connection_workflow | function=_report_completion_and_cleanup | line=291 | message="AMQPConnector - reporting failure: AMQPConnectorAMQPHandshakeError: IncompatibleProtocolError: The protocol returned by the server is not supported: ("StreamLostError: ('Transport indicated EOF',)",)"
[2026-07-12 11:27:52,798] | level=INFO | request_id=- | module=pika.adapters.utils.connection_workflow | function=start | line=179 | message="Pika version 1.3.2 connecting to ('127.0.0.1', 5672)"
[2026-07-12 11:27:52,800] | level=INFO | request_id=- | module=pika.adapters.utils.io_services_utils | function=_close_and_finalize | line=882 | message="Closing transport socket and unlinking: state=3; <socket.socket fd=2276, family=AddressFamily.AF_INET6, type=SocketKind.SOCK_STREAM, proto=6, laddr=('::1', 64978, 0, 0), raddr=('::1', 5672, 0, 0)>"
[2026-07-12 11:27:52,800] | level=INFO | request_id=- | module=pika.adapters.utils.io_services_utils | function=_on_writable | line=345 | message="Socket connected: <socket.socket fd=2320, family=AddressFamily.AF_INET, type=SocketKind.SOCK_STREAM, proto=6, laddr=('127.0.0.1', 64979), raddr=('127.0.0.1', 5672)>"
[2026-07-12 11:27:52,806] | level=INFO | request_id=- | module=pika.adapters.utils.connection_workflow | function=_on_transport_establishment_done | line=428 | message="Streaming transport linked up: (<pika.adapters.utils.io_services_utils._AsyncPlaintextTransport object at 0x0000019F7A40A410>, _StreamingProtocolShim: <SelectConnection PROTOCOL transport=<pika.adapters.utils.io_services_utils._AsyncPlaintextTransport object at 0x0000019F7A40A410> params=<ConnectionParameters host=localhost port=5672 virtual_host=/ ssl=False>>)."
[2026-07-12 11:27:52,807] | level=ERROR | request_id=- | module=pika.adapters.utils.io_services_utils | function=_consume | line=796 | message="Socket EOF; <socket.socket fd=2320, family=AddressFamily.AF_INET, type=SocketKind.SOCK_STREAM, proto=6, laddr=('127.0.0.1', 64979), raddr=('127.0.0.1', 5672)>"
[2026-07-12 11:27:52,808] | level=ERROR | request_id=- | module=pika.adapters.base_connection | function=_proto_eof_received | line=445 | message="Transport indicated EOF."
[2026-07-12 11:27:52,810] | level=INFO | request_id=- | module=pika.adapters.utils.io_services_utils | function=_on_socket_readable | line=1063 | message="protocol.eof_received() elected to close: <socket.socket fd=2320, family=AddressFamily.AF_INET, type=SocketKind.SOCK_STREAM, proto=6, laddr=('127.0.0.1', 64979), raddr=('127.0.0.1', 5672)>"
[2026-07-12 11:27:52,811] | level=INFO | request_id=- | module=pika.adapters.utils.io_services_utils | function=_initiate_abort | line=904 | message="_AsyncTransportBase._initate_abort(): Initiating abrupt asynchronous transport shutdown: state=1; error=None; <socket.socket fd=2320, family=AddressFamily.AF_INET, type=SocketKind.SOCK_STREAM, proto=6, laddr=('127.0.0.1', 64979), raddr=('127.0.0.1', 5672)>"
[2026-07-12 11:27:52,812] | level=INFO | request_id=- | module=pika.adapters.utils.io_services_utils | function=_deactivate | line=869 | message="Deactivating transport: state=1; <socket.socket fd=2320, family=AddressFamily.AF_INET, type=SocketKind.SOCK_STREAM, proto=6, laddr=('127.0.0.1', 64979), raddr=('127.0.0.1', 5672)>"
[2026-07-12 11:27:52,814] | level=ERROR | request_id=- | module=pika.adapters.base_connection | function=_proto_connection_lost | line=428 | message="connection_lost: StreamLostError: ('Transport indicated EOF',)"
[2026-07-12 11:27:52,816] | level=INFO | request_id=- | module=pika.connection | function=_on_stream_terminated | line=2017 | message="AMQP stack terminated, failed to connect, or aborted: opened=False, error-arg=StreamLostError: ('Transport indicated EOF',); pending-error=None"
[2026-07-12 11:27:52,816] | level=ERROR | request_id=- | module=pika.connection | function=_on_stream_terminated | line=2048 | message="Probably incompatible Protocol Versions"
[2026-07-12 11:27:52,816] | level=INFO | request_id=- | module=pika.connection | function=_on_stream_terminated | line=2082 | message="Connection setup terminated due to IncompatibleProtocolError: The protocol returned by the server is not supported: ("StreamLostError: ('Transport indicated EOF',)",)"
[2026-07-12 11:27:52,816] | level=ERROR | request_id=- | module=pika.adapters.utils.connection_workflow | function=_report_completion_and_cleanup | line=291 | message="AMQPConnector - reporting failure: AMQPConnectorAMQPHandshakeError: IncompatibleProtocolError: The protocol returned by the server is not supported: ("StreamLostError: ('Transport indicated EOF',)",)"
[2026-07-12 11:27:52,820] | level=ERROR | request_id=- | module=pika.adapters.utils.connection_workflow | function=_start_new_cycle_async | line=746 | message="AMQP connection workflow failed: AMQPConnectionWorkflowFailed: 2 exceptions in all; last exception - AMQPConnectorAMQPHandshakeError: IncompatibleProtocolError: The protocol returned by the server is not supported: ("StreamLostError: ('Transport indicated EOF',)",); first exception - AMQPConnectorAMQPHandshakeError: IncompatibleProtocolError: The protocol returned by the server is not supported: ("StreamLostError: ('Transport indicated EOF',)",)."
[2026-07-12 11:27:52,821] | level=ERROR | request_id=- | module=pika.adapters.utils.connection_workflow | function=_report_completion_and_cleanup | line=723 | message="AMQPConnectionWorkflow - reporting failure: AMQPConnectionWorkflowFailed: 2 exceptions in all; last exception - AMQPConnectorAMQPHandshakeError: IncompatibleProtocolError: The protocol returned by the server is not supported: ("StreamLostError: ('Transport indicated EOF',)",); first exception - AMQPConnectorAMQPHandshakeError: IncompatibleProtocolError: The protocol returned by the server is not supported: ("StreamLostError: ('Transport indicated EOF',)",)"
[2026-07-12 11:27:52,823] | level=INFO | request_id=- | module=pika.adapters.utils.io_services_utils | function=_close_and_finalize | line=882 | message="Closing transport socket and unlinking: state=3; <socket.socket fd=2320, family=AddressFamily.AF_INET, type=SocketKind.SOCK_STREAM, proto=6, laddr=('127.0.0.1', 64979), raddr=('127.0.0.1', 5672)>"
[2026-07-12 11:27:52,825] | level=ERROR | request_id=- | module=pika.adapters.blocking_connection | function=_create_connection | line=450 | message="Connection workflow failed: AMQPConnectionWorkflowFailed: 2 exceptions in all; last exception - AMQPConnectorAMQPHandshakeError: IncompatibleProtocolError: The protocol returned by the server is not supported: ("StreamLostError: ('Transport indicated EOF',)",); first exception - AMQPConnectorAMQPHandshakeError: IncompatibleProtocolError: The protocol returned by the server is not supported: ("StreamLostError: ('Transport indicated EOF',)",)"
[2026-07-12 11:27:52,828] | level=ERROR | request_id=- | module=pika.adapters.blocking_connection | function=_create_connection | line=457 | message="Error in _create_connection()."
Traceback (most recent call last):
  File "C:\Users\VIJAY\anaconda3\envs\fmcg_123\lib\site-packages\pika\adapters\blocking_connection.py", line 451, in _create_connection
    raise self._reap_last_connection_workflow_error(error)
pika.exceptions.IncompatibleProtocolError: StreamLostError: ('Transport indicated EOF',)
[2026-07-12 11:27:52,828] | level=WARNING | request_id=- | module=app.workers.worker | function=run_worker | line=153 | message="RabbitMQ unavailable at localhost:5672; retrying worker connection in 5 seconds"
[2026-07-12 11:27:57,833] | level=WARNING | request_id=- | module=app.workers.worker | function=run_worker | line=133 | message="RabbitMQ connection restored at localhost:5672; worker is consuming queue=audit.jobs"
[2026-07-12 11:27:57,835] | level=INFO | request_id=- | module=app.services.rabbitmq_service | function=_ensure_connection | line=60 | message="Opening RabbitMQ connection to localhost:5672"
[2026-07-12 11:27:57,843] | level=INFO | request_id=- | module=pika.adapters.utils.connection_workflow | function=start | line=179 | message="Pika version 1.3.2 connecting to ('::1', 5672, 0, 0)"
[2026-07-12 11:27:57,846] | level=INFO | request_id=- | module=pika.adapters.utils.io_services_utils | function=_on_writable | line=345 | message="Socket connected: <socket.socket fd=2140, family=AddressFamily.AF_INET6, type=SocketKind.SOCK_STREAM, proto=6, laddr=('::1', 64998, 0, 0), raddr=('::1', 5672, 0, 0)>"
[2026-07-12 11:27:57,849] | level=INFO | request_id=- | module=pika.adapters.utils.connection_workflow | function=_on_transport_establishment_done | line=428 | message="Streaming transport linked up: (<pika.adapters.utils.io_services_utils._AsyncPlaintextTransport object at 0x0000019F7A408BE0>, _StreamingProtocolShim: <SelectConnection PROTOCOL transport=<pika.adapters.utils.io_services_utils._AsyncPlaintextTransport object at 0x0000019F7A408BE0> params=<ConnectionParameters host=localhost port=5672 virtual_host=/ ssl=False>>)."
[2026-07-12 11:27:57,853] | level=ERROR | request_id=- | module=pika.adapters.utils.io_services_utils | function=_consume | line=796 | message="Socket EOF; <socket.socket fd=2140, family=AddressFamily.AF_INET6, type=SocketKind.SOCK_STREAM, proto=6, laddr=('::1', 64998, 0, 0), raddr=('::1', 5672, 0, 0)>"
[2026-07-12 11:27:57,854] | level=ERROR | request_id=- | module=pika.adapters.base_connection | function=_proto_eof_received | line=445 | message="Transport indicated EOF."
[2026-07-12 11:27:57,856] | level=INFO | request_id=- | module=pika.adapters.utils.io_services_utils | function=_on_socket_readable | line=1063 | message="protocol.eof_received() elected to close: <socket.socket fd=2140, family=AddressFamily.AF_INET6, type=SocketKind.SOCK_STREAM, proto=6, laddr=('::1', 64998, 0, 0), raddr=('::1', 5672, 0, 0)>"
[2026-07-12 11:27:57,858] | level=INFO | request_id=- | module=pika.adapters.utils.io_services_utils | function=_initiate_abort | line=904 | message="_AsyncTransportBase._initate_abort(): Initiating abrupt asynchronous transport shutdown: state=1; error=None; <socket.socket fd=2140, family=AddressFamily.AF_INET6, type=SocketKind.SOCK_STREAM, proto=6, laddr=('::1', 64998, 0, 0), raddr=('::1', 5672, 0, 0)>"
[2026-07-12 11:27:57,859] | level=INFO | request_id=- | module=pika.adapters.utils.io_services_utils | function=_deactivate | line=869 | message="Deactivating transport: state=1; <socket.socket fd=2140, family=AddressFamily.AF_INET6, type=SocketKind.SOCK_STREAM, proto=6, laddr=('::1', 64998, 0, 0), raddr=('::1', 5672, 0, 0)>"
[2026-07-12 11:27:57,862] | level=ERROR | request_id=- | module=pika.adapters.base_connection | function=_proto_connection_lost | line=428 | message="connection_lost: StreamLostError: ('Transport indicated EOF',)"
[2026-07-12 11:27:57,863] | level=INFO | request_id=- | module=pika.connection | function=_on_stream_terminated | line=2017 | message="AMQP stack terminated, failed to connect, or aborted: opened=False, error-arg=StreamLostError: ('Transport indicated EOF',); pending-error=None"
[2026-07-12 11:27:57,864] | level=ERROR | request_id=- | module=pika.connection | function=_on_stream_terminated | line=2048 | message="Probably incompatible Protocol Versions"
[2026-07-12 11:27:57,865] | level=INFO | request_id=- | module=pika.connection | function=_on_stream_terminated | line=2082 | message="Connection setup terminated due to IncompatibleProtocolError: The protocol returned by the server is not supported: ("StreamLostError: ('Transport indicated EOF',)",)"
[2026-07-12 11:27:57,866] | level=ERROR | request_id=- | module=pika.adapters.utils.connection_workflow | function=_report_completion_and_cleanup | line=291 | message="AMQPConnector - reporting failure: AMQPConnectorAMQPHandshakeError: IncompatibleProtocolError: The protocol returned by the server is not supported: ("StreamLostError: ('Transport indicated EOF',)",)"
[2026-07-12 11:27:57,868] | level=INFO | request_id=- | module=pika.adapters.utils.connection_workflow | function=start | line=179 | message="Pika version 1.3.2 connecting to ('127.0.0.1', 5672)"
[2026-07-12 11:27:57,869] | level=INFO | request_id=- | module=pika.adapters.utils.io_services_utils | function=_close_and_finalize | line=882 | message="Closing transport socket and unlinking: state=3; <socket.socket fd=2140, family=AddressFamily.AF_INET6, type=SocketKind.SOCK_STREAM, proto=6, laddr=('::1', 64998, 0, 0), raddr=('::1', 5672, 0, 0)>"
[2026-07-12 11:27:57,871] | level=INFO | request_id=- | module=pika.adapters.utils.io_services_utils | function=_on_writable | line=345 | message="Socket connected: <socket.socket fd=2276, family=AddressFamily.AF_INET, type=SocketKind.SOCK_STREAM, proto=6, laddr=('127.0.0.1', 64999), raddr=('127.0.0.1', 5672)>"
[2026-07-12 11:27:57,873] | level=INFO | request_id=- | module=pika.adapters.utils.connection_workflow | function=_on_transport_establishment_done | line=428 | message="Streaming transport linked up: (<pika.adapters.utils.io_services_utils._AsyncPlaintextTransport object at 0x0000019F7A408640>, _StreamingProtocolShim: <SelectConnection PROTOCOL transport=<pika.adapters.utils.io_services_utils._AsyncPlaintextTransport object at 0x0000019F7A408640> params=<ConnectionParameters host=localhost port=5672 virtual_host=/ ssl=False>>)."
[2026-07-12 11:27:57,876] | level=ERROR | request_id=- | module=pika.adapters.utils.io_services_utils | function=_consume | line=796 | message="Socket EOF; <socket.socket fd=2276, family=AddressFamily.AF_INET, type=SocketKind.SOCK_STREAM, proto=6, laddr=('127.0.0.1', 64999), raddr=('127.0.0.1', 5672)>"
[2026-07-12 11:27:57,877] | level=ERROR | request_id=- | module=pika.adapters.base_connection | function=_proto_eof_received | line=445 | message="Transport indicated EOF."
[2026-07-12 11:27:57,877] | level=INFO | request_id=- | module=pika.adapters.utils.io_services_utils | function=_on_socket_readable | line=1063 | message="protocol.eof_received() elected to close: <socket.socket fd=2276, family=AddressFamily.AF_INET, type=SocketKind.SOCK_STREAM, proto=6, laddr=('127.0.0.1', 64999), raddr=('127.0.0.1', 5672)>"
[2026-07-12 11:27:57,879] | level=INFO | request_id=- | module=pika.adapters.utils.io_services_utils | function=_initiate_abort | line=904 | message="_AsyncTransportBase._initate_abort(): Initiating abrupt asynchronous transport shutdown: state=1; error=None; <socket.socket fd=2276, family=AddressFamily.AF_INET, type=SocketKind.SOCK_STREAM, proto=6, laddr=('127.0.0.1', 64999), raddr=('127.0.0.1', 5672)>"
[2026-07-12 11:27:57,879] | level=INFO | request_id=- | module=pika.adapters.utils.io_services_utils | function=_deactivate | line=869 | message="Deactivating transport: state=1; <socket.socket fd=2276, family=AddressFamily.AF_INET, type=SocketKind.SOCK_STREAM, proto=6, laddr=('127.0.0.1', 64999), raddr=('127.0.0.1', 5672)>"
[2026-07-12 11:27:57,879] | level=ERROR | request_id=- | module=pika.adapters.base_connection | function=_proto_connection_lost | line=428 | message="connection_lost: StreamLostError: ('Transport indicated EOF',)"
[2026-07-12 11:27:57,879] | level=INFO | request_id=- | module=pika.connection | function=_on_stream_terminated | line=2017 | message="AMQP stack terminated, failed to connect, or aborted: opened=False, error-arg=StreamLostError: ('Transport indicated EOF',); pending-error=None"
[2026-07-12 11:27:57,884] | level=ERROR | request_id=- | module=pika.connection | function=_on_stream_terminated | line=2048 | message="Probably incompatible Protocol Versions"
[2026-07-12 11:27:57,884] | level=INFO | request_id=- | module=pika.connection | function=_on_stream_terminated | line=2082 | message="Connection setup terminated due to IncompatibleProtocolError: The protocol returned by the server is not supported: ("StreamLostError: ('Transport indicated EOF',)",)"
[2026-07-12 11:27:57,884] | level=ERROR | request_id=- | module=pika.adapters.utils.connection_workflow | function=_report_completion_and_cleanup | line=291 | message="AMQPConnector - reporting failure: AMQPConnectorAMQPHandshakeError: IncompatibleProtocolError: The protocol returned by the server is not supported: ("StreamLostError: ('Transport indicated EOF',)",)"
[2026-07-12 11:27:57,887] | level=ERROR | request_id=- | module=pika.adapters.utils.connection_workflow | function=_start_new_cycle_async | line=746 | message="AMQP connection workflow failed: AMQPConnectionWorkflowFailed: 2 exceptions in all; last exception - AMQPConnectorAMQPHandshakeError: IncompatibleProtocolError: The protocol returned by the server is not supported: ("StreamLostError: ('Transport indicated EOF',)",); first exception - AMQPConnectorAMQPHandshakeError: IncompatibleProtocolError: The protocol returned by the server is not supported: ("StreamLostError: ('Transport indicated EOF',)",)."
[2026-07-12 11:27:57,887] | level=ERROR | request_id=- | module=pika.adapters.utils.connection_workflow | function=_report_completion_and_cleanup | line=723 | message="AMQPConnectionWorkflow - reporting failure: AMQPConnectionWorkflowFailed: 2 exceptions in all; last exception - AMQPConnectorAMQPHandshakeError: IncompatibleProtocolError: The protocol returned by the server is not supported: ("StreamLostError: ('Transport indicated EOF',)",); first exception - AMQPConnectorAMQPHandshakeError: IncompatibleProtocolError: The protocol returned by the server is not supported: ("StreamLostError: ('Transport indicated EOF',)",)"
[2026-07-12 11:27:57,887] | level=INFO | request_id=- | module=pika.adapters.utils.io_services_utils | function=_close_and_finalize | line=882 | message="Closing transport socket and unlinking: state=3; <socket.socket fd=2276, family=AddressFamily.AF_INET, type=SocketKind.SOCK_STREAM, proto=6, laddr=('127.0.0.1', 64999), raddr=('127.0.0.1', 5672)>"
[2026-07-12 11:27:57,887] | level=ERROR | request_id=- | module=pika.adapters.blocking_connection | function=_create_connection | line=450 | message="Connection workflow failed: AMQPConnectionWorkflowFailed: 2 exceptions in all; last exception - AMQPConnectorAMQPHandshakeError: IncompatibleProtocolError: The protocol returned by the server is not supported: ("StreamLostError: ('Transport indicated EOF',)",); first exception - AMQPConnectorAMQPHandshakeError: IncompatibleProtocolError: The protocol returned by the server is not supported: ("StreamLostError: ('Transport indicated EOF',)",)"
[2026-07-12 11:27:57,887] | level=ERROR | request_id=- | module=pika.adapters.blocking_connection | function=_create_connection | line=457 | message="Error in _create_connection()."
Traceback (most recent call last):
  File "C:\Users\VIJAY\anaconda3\envs\fmcg_123\lib\site-packages\pika\adapters\blocking_connection.py", line 451, in _create_connection
    raise self._reap_last_connection_workflow_error(error)
pika.exceptions.IncompatibleProtocolError: StreamLostError: ('Transport indicated EOF',)
[2026-07-12 11:27:57,895] | level=WARNING | request_id=- | module=app.workers.worker | function=run_worker | line=153 | message="RabbitMQ unavailable at localhost:5672; retrying worker connection in 5 seconds"
[2026-07-12 11:28:02,912] | level=WARNING | request_id=- | module=app.workers.worker | function=run_worker | line=133 | message="RabbitMQ connection restored at localhost:5672; worker is consuming queue=audit.jobs"
[2026-07-12 11:28:02,913] | level=INFO | request_id=- | module=app.services.rabbitmq_service | function=_ensure_connection | line=60 | message="Opening RabbitMQ connection to localhost:5672"
[2026-07-12 11:28:02,919] | level=INFO | request_id=- | module=pika.adapters.utils.connection_workflow | function=start | line=179 | message="Pika version 1.3.2 connecting to ('::1', 5672, 0, 0)"
[2026-07-12 11:28:02,921] | level=INFO | request_id=- | module=pika.adapters.utils.io_services_utils | function=_on_writable | line=345 | message="Socket connected: <socket.socket fd=2296, family=AddressFamily.AF_INET6, type=SocketKind.SOCK_STREAM, proto=6, laddr=('::1', 65003, 0, 0), raddr=('::1', 5672, 0, 0)>"
[2026-07-12 11:28:02,923] | level=INFO | request_id=- | module=pika.adapters.utils.connection_workflow | function=_on_transport_establishment_done | line=428 | message="Streaming transport linked up: (<pika.adapters.utils.io_services_utils._AsyncPlaintextTransport object at 0x0000019F7A4098D0>, _StreamingProtocolShim: <SelectConnection PROTOCOL transport=<pika.adapters.utils.io_services_utils._AsyncPlaintextTransport object at 0x0000019F7A4098D0> params=<ConnectionParameters host=localhost port=5672 virtual_host=/ ssl=False>>)."
[2026-07-12 11:28:02,982] | level=INFO | request_id=- | module=pika.adapters.utils.connection_workflow | function=_report_completion_and_cleanup | line=293 | message="AMQPConnector - reporting success: <SelectConnection OPEN transport=<pika.adapters.utils.io_services_utils._AsyncPlaintextTransport object at 0x0000019F7A4098D0> params=<ConnectionParameters host=localhost port=5672 virtual_host=/ ssl=False>>"
[2026-07-12 11:28:02,982] | level=INFO | request_id=- | module=pika.adapters.utils.connection_workflow | function=_report_completion_and_cleanup | line=725 | message="AMQPConnectionWorkflow - reporting success: <SelectConnection OPEN transport=<pika.adapters.utils.io_services_utils._AsyncPlaintextTransport object at 0x0000019F7A4098D0> params=<ConnectionParameters host=localhost port=5672 virtual_host=/ ssl=False>>"
[2026-07-12 11:28:02,986] | level=INFO | request_id=- | module=pika.adapters.blocking_connection | function=_create_connection | line=453 | message="Connection workflow succeeded: <SelectConnection OPEN transport=<pika.adapters.utils.io_services_utils._AsyncPlaintextTransport object at 0x0000019F7A4098D0> params=<ConnectionParameters host=localhost port=5672 virtual_host=/ ssl=False>>"
[2026-07-12 11:28:02,988] | level=INFO | request_id=- | module=pika.adapters.blocking_connection | function=__init__ | line=1264 | message="Created channel=1"
[2026-07-12 11:28:02,998] | level=INFO | request_id=- | module=app.services.rabbitmq_service | function=get_channel | line=85 | message="RabbitMQ channel ready for queue=audit.jobs"
[2026-07-12 11:28:03,011] | level=INFO | request_id=- | module=app.services.rabbitmq_service | function=consume | line=117 | message="Waiting for RabbitMQ messages on queue=audit.jobs"
[2026-07-12 11:30:27,272] | level=INFO | request_id=- | module=app.core.database | function=get_database_status | line=70 | message="Postgres connected successfully: db=fmcg_db, user=admin, host=172.18.0.2/32, port=5432"
[2026-07-12 11:30:27,272] | level=INFO | request_id=- | module=app.workers.worker | function=run_worker | line=127 | message="Starting audit worker for queue=audit.jobs"
[2026-07-12 11:30:27,278] | level=INFO | request_id=- | module=app.services.rabbitmq_service | function=_ensure_connection | line=60 | message="Opening RabbitMQ connection to localhost:5672"
[2026-07-12 11:30:27,280] | level=INFO | request_id=- | module=pika.adapters.utils.connection_workflow | function=start | line=179 | message="Pika version 1.3.2 connecting to ('::1', 5672, 0, 0)"
[2026-07-12 11:30:27,280] | level=INFO | request_id=- | module=pika.adapters.utils.io_services_utils | function=_on_writable | line=345 | message="Socket connected: <socket.socket fd=1932, family=AddressFamily.AF_INET6, type=SocketKind.SOCK_STREAM, proto=6, laddr=('::1', 60961, 0, 0), raddr=('::1', 5672, 0, 0)>"
[2026-07-12 11:30:27,280] | level=INFO | request_id=- | module=pika.adapters.utils.connection_workflow | function=_on_transport_establishment_done | line=428 | message="Streaming transport linked up: (<pika.adapters.utils.io_services_utils._AsyncPlaintextTransport object at 0x0000022221F474C0>, _StreamingProtocolShim: <SelectConnection PROTOCOL transport=<pika.adapters.utils.io_services_utils._AsyncPlaintextTransport object at 0x0000022221F474C0> params=<ConnectionParameters host=localhost port=5672 virtual_host=/ ssl=False>>)."
[2026-07-12 11:30:27,338] | level=INFO | request_id=- | module=pika.adapters.utils.connection_workflow | function=_report_completion_and_cleanup | line=293 | message="AMQPConnector - reporting success: <SelectConnection OPEN transport=<pika.adapters.utils.io_services_utils._AsyncPlaintextTransport object at 0x0000022221F474C0> params=<ConnectionParameters host=localhost port=5672 virtual_host=/ ssl=False>>"
[2026-07-12 11:30:27,338] | level=INFO | request_id=- | module=pika.adapters.utils.connection_workflow | function=_report_completion_and_cleanup | line=725 | message="AMQPConnectionWorkflow - reporting success: <SelectConnection OPEN transport=<pika.adapters.utils.io_services_utils._AsyncPlaintextTransport object at 0x0000022221F474C0> params=<ConnectionParameters host=localhost port=5672 virtual_host=/ ssl=False>>"
[2026-07-12 11:30:27,341] | level=INFO | request_id=- | module=pika.adapters.blocking_connection | function=_create_connection | line=453 | message="Connection workflow succeeded: <SelectConnection OPEN transport=<pika.adapters.utils.io_services_utils._AsyncPlaintextTransport object at 0x0000022221F474C0> params=<ConnectionParameters host=localhost port=5672 virtual_host=/ ssl=False>>"
[2026-07-12 11:30:27,341] | level=INFO | request_id=- | module=pika.adapters.blocking_connection | function=__init__ | line=1264 | message="Created channel=1"
[2026-07-12 11:30:27,346] | level=INFO | request_id=- | module=app.services.rabbitmq_service | function=get_channel | line=85 | message="RabbitMQ channel ready for queue=audit.jobs"
[2026-07-12 11:30:27,356] | level=INFO | request_id=- | module=app.services.rabbitmq_service | function=consume | line=117 | message="Waiting for RabbitMQ messages on queue=audit.jobs"
[2026-07-12 11:45:29,612] | level=INFO | request_id=4cef239d-965e-4b24-8417-32cb7fb29b3d | module=app.api.v1.endpoints.product_codes | function=create_product_code | line=44 | message="Created product_code=BEV0014"
[2026-07-12 11:46:41,053] | level=INFO | request_id=590d25f6-aa63-46ec-bbfc-72b84d90295b | module=app.api.v1.endpoints.product_codes | function=delete_product_code | line=193 | message="Deleted product_code id=4"
[2026-07-12 11:54:15,328] | level=INFO | request_id=- | module=app.core.database | function=get_database_status | line=70 | message="Postgres connected successfully: db=fmcg_db, user=admin, host=172.18.0.2/32, port=5432"
[2026-07-12 11:54:15,335] | level=INFO | request_id=- | module=app.workers.worker | function=run_worker | line=127 | message="Starting audit worker for queue=audit.jobs"
[2026-07-12 11:54:15,337] | level=INFO | request_id=- | module=app.services.rabbitmq_service | function=_ensure_connection | line=60 | message="Opening RabbitMQ connection to localhost:5672"
[2026-07-12 11:54:15,343] | level=INFO | request_id=- | module=pika.adapters.utils.connection_workflow | function=start | line=179 | message="Pika version 1.3.2 connecting to ('::1', 5672, 0, 0)"
[2026-07-12 11:54:15,345] | level=INFO | request_id=- | module=pika.adapters.utils.io_services_utils | function=_on_writable | line=345 | message="Socket connected: <socket.socket fd=2080, family=AddressFamily.AF_INET6, type=SocketKind.SOCK_STREAM, proto=6, laddr=('::1', 61347, 0, 0), raddr=('::1', 5672, 0, 0)>"
[2026-07-12 11:54:15,347] | level=INFO | request_id=- | module=pika.adapters.utils.connection_workflow | function=_on_transport_establishment_done | line=428 | message="Streaming transport linked up: (<pika.adapters.utils.io_services_utils._AsyncPlaintextTransport object at 0x000001BACD505D80>, _StreamingProtocolShim: <SelectConnection PROTOCOL transport=<pika.adapters.utils.io_services_utils._AsyncPlaintextTransport object at 0x000001BACD505D80> params=<ConnectionParameters host=localhost port=5672 virtual_host=/ ssl=False>>)."
[2026-07-12 11:54:15,405] | level=INFO | request_id=- | module=pika.adapters.utils.connection_workflow | function=_report_completion_and_cleanup | line=293 | message="AMQPConnector - reporting success: <SelectConnection OPEN transport=<pika.adapters.utils.io_services_utils._AsyncPlaintextTransport object at 0x000001BACD505D80> params=<ConnectionParameters host=localhost port=5672 virtual_host=/ ssl=False>>"
[2026-07-12 11:54:15,408] | level=INFO | request_id=- | module=pika.adapters.utils.connection_workflow | function=_report_completion_and_cleanup | line=725 | message="AMQPConnectionWorkflow - reporting success: <SelectConnection OPEN transport=<pika.adapters.utils.io_services_utils._AsyncPlaintextTransport object at 0x000001BACD505D80> params=<ConnectionParameters host=localhost port=5672 virtual_host=/ ssl=False>>"
[2026-07-12 11:54:15,409] | level=INFO | request_id=- | module=pika.adapters.blocking_connection | function=_create_connection | line=453 | message="Connection workflow succeeded: <SelectConnection OPEN transport=<pika.adapters.utils.io_services_utils._AsyncPlaintextTransport object at 0x000001BACD505D80> params=<ConnectionParameters host=localhost port=5672 virtual_host=/ ssl=False>>"
[2026-07-12 11:54:15,411] | level=INFO | request_id=- | module=pika.adapters.blocking_connection | function=__init__ | line=1264 | message="Created channel=1"
[2026-07-12 11:54:15,424] | level=INFO | request_id=- | module=app.services.rabbitmq_service | function=get_channel | line=85 | message="RabbitMQ channel ready for queue=audit.jobs"
[2026-07-12 11:54:15,431] | level=INFO | request_id=- | module=app.services.rabbitmq_service | function=consume | line=117 | message="Waiting for RabbitMQ messages on queue=audit.jobs"
[2026-07-12 11:55:53,800] | level=INFO | request_id=- | module=app.core.database | function=get_database_status | line=70 | message="Postgres connected successfully: db=fmcg_db, user=admin, host=172.18.0.2/32, port=5432"
[2026-07-12 11:55:53,803] | level=INFO | request_id=- | module=app.workers.worker | function=run_worker | line=127 | message="Starting audit worker for queue=audit.jobs"
[2026-07-12 11:55:53,806] | level=INFO | request_id=- | module=app.services.rabbitmq_service | function=_ensure_connection | line=60 | message="Opening RabbitMQ connection to localhost:5672"
[2026-07-12 11:55:53,810] | level=INFO | request_id=- | module=pika.adapters.utils.connection_workflow | function=start | line=179 | message="Pika version 1.3.2 connecting to ('::1', 5672, 0, 0)"
[2026-07-12 11:55:53,811] | level=INFO | request_id=- | module=pika.adapters.utils.io_services_utils | function=_on_writable | line=345 | message="Socket connected: <socket.socket fd=840, family=AddressFamily.AF_INET6, type=SocketKind.SOCK_STREAM, proto=6, laddr=('::1', 54916, 0, 0), raddr=('::1', 5672, 0, 0)>"
[2026-07-12 11:55:53,816] | level=INFO | request_id=- | module=pika.adapters.utils.connection_workflow | function=_on_transport_establishment_done | line=428 | message="Streaming transport linked up: (<pika.adapters.utils.io_services_utils._AsyncPlaintextTransport object at 0x0000028CBDDD40D0>, _StreamingProtocolShim: <SelectConnection PROTOCOL transport=<pika.adapters.utils.io_services_utils._AsyncPlaintextTransport object at 0x0000028CBDDD40D0> params=<ConnectionParameters host=localhost port=5672 virtual_host=/ ssl=False>>)."
[2026-07-12 11:56:22,776] | level=INFO | request_id=- | module=app.core.database | function=get_database_status | line=70 | message="Postgres connected successfully: db=fmcg_db, user=admin, host=172.18.0.2/32, port=5432"
[2026-07-12 11:56:22,779] | level=INFO | request_id=- | module=app.workers.worker | function=run_worker | line=127 | message="Starting audit worker for queue=audit.jobs"
[2026-07-12 11:56:22,781] | level=INFO | request_id=- | module=app.services.rabbitmq_service | function=_ensure_connection | line=60 | message="Opening RabbitMQ connection to localhost:5672"
[2026-07-12 11:56:22,784] | level=INFO | request_id=- | module=pika.adapters.utils.connection_workflow | function=start | line=179 | message="Pika version 1.3.2 connecting to ('::1', 5672, 0, 0)"
[2026-07-12 11:56:22,788] | level=INFO | request_id=- | module=pika.adapters.utils.io_services_utils | function=_on_writable | line=345 | message="Socket connected: <socket.socket fd=624, family=AddressFamily.AF_INET6, type=SocketKind.SOCK_STREAM, proto=6, laddr=('::1', 62963, 0, 0), raddr=('::1', 5672, 0, 0)>"
[2026-07-12 11:56:22,792] | level=INFO | request_id=- | module=pika.adapters.utils.connection_workflow | function=_on_transport_establishment_done | line=428 | message="Streaming transport linked up: (<pika.adapters.utils.io_services_utils._AsyncPlaintextTransport object at 0x000001F46DB421D0>, _StreamingProtocolShim: <SelectConnection PROTOCOL transport=<pika.adapters.utils.io_services_utils._AsyncPlaintextTransport object at 0x000001F46DB421D0> params=<ConnectionParameters host=localhost port=5672 virtual_host=/ ssl=False>>)."
[2026-07-12 11:56:22,841] | level=INFO | request_id=- | module=pika.adapters.utils.connection_workflow | function=_report_completion_and_cleanup | line=293 | message="AMQPConnector - reporting success: <SelectConnection OPEN transport=<pika.adapters.utils.io_services_utils._AsyncPlaintextTransport object at 0x000001F46DB421D0> params=<ConnectionParameters host=localhost port=5672 virtual_host=/ ssl=False>>"
[2026-07-12 11:56:22,841] | level=INFO | request_id=- | module=pika.adapters.utils.connection_workflow | function=_report_completion_and_cleanup | line=725 | message="AMQPConnectionWorkflow - reporting success: <SelectConnection OPEN transport=<pika.adapters.utils.io_services_utils._AsyncPlaintextTransport object at 0x000001F46DB421D0> params=<ConnectionParameters host=localhost port=5672 virtual_host=/ ssl=False>>"
[2026-07-12 11:56:22,841] | level=INFO | request_id=- | module=pika.adapters.blocking_connection | function=_create_connection | line=453 | message="Connection workflow succeeded: <SelectConnection OPEN transport=<pika.adapters.utils.io_services_utils._AsyncPlaintextTransport object at 0x000001F46DB421D0> params=<ConnectionParameters host=localhost port=5672 virtual_host=/ ssl=False>>"
[2026-07-12 11:56:22,841] | level=INFO | request_id=- | module=pika.adapters.blocking_connection | function=__init__ | line=1264 | message="Created channel=1"
[2026-07-12 11:56:22,860] | level=INFO | request_id=- | module=app.services.rabbitmq_service | function=get_channel | line=85 | message="RabbitMQ channel ready for queue=audit.jobs"
[2026-07-12 11:56:22,868] | level=INFO | request_id=- | module=app.services.rabbitmq_service | function=consume | line=117 | message="Waiting for RabbitMQ messages on queue=audit.jobs"
[2026-07-12 12:00:59,245] | level=INFO | request_id=9afaee1f-3c2a-4692-9a78-67ffb3d0a538 | module=app.api.v1.endpoints.products | function=create_products_bulk_upload | line=306 | message="Bulk upload complete: 2 created, 0 skipped"
